-- phpMyAdmin SQL Dump
-- version 4.9.2
-- https://www.phpmyadmin.net/
--
-- Host: 127.0.0.1
-- Generation Time: Feb 22, 2022 at 12:06 PM
-- Server version: 8.0.18
-- PHP Version: 7.3.11

SET SQL_MODE = "NO_AUTO_VALUE_ON_ZERO";
SET AUTOCOMMIT = 0;
START TRANSACTION;
SET time_zone = "+00:00";


/*!40101 SET @OLD_CHARACTER_SET_CLIENT=@@CHARACTER_SET_CLIENT */;
/*!40101 SET @OLD_CHARACTER_SET_RESULTS=@@CHARACTER_SET_RESULTS */;
/*!40101 SET @OLD_COLLATION_CONNECTION=@@COLLATION_CONNECTION */;
/*!40101 SET NAMES utf8mb4 */;

--
-- Database: `ruby_quest`
--

-- --------------------------------------------------------
CREATE DATABASE ruby_quest;
--
-- Table structure for table `animals`
--

CREATE TABLE `animals` (
  `id` bigint(20) UNSIGNED NOT NULL,
  `type` varchar(255) COLLATE utf8mb4_unicode_ci NOT NULL,
  `speed` int(11) NOT NULL,
  `defense` int(11) NOT NULL,
  `loyalty` int(11) NOT NULL,
  `owner` int(10) UNSIGNED NOT NULL,
  `created_at` timestamp NULL DEFAULT NULL,
  `updated_at` timestamp NULL DEFAULT NULL
) ENGINE=InnoDB DEFAULT CHARSET=utf8mb4 COLLATE=utf8mb4_unicode_ci;

--
-- Dumping data for table `animals`
--

INSERT INTO `animals` (`id`, `type`, `speed`, `defense`, `loyalty`, `owner`, `created_at`, `updated_at`) VALUES
(1, 'Sheep', 3, 4, 0, 0, '2022-02-22 08:32:33', '2022-02-22 08:32:33'),
(2, 'Sheep', 3, 4, 0, 0, '2022-02-22 08:32:33', '2022-02-22 08:32:33'),
(3, 'Sheep', 3, 4, 0, 0, '2022-02-22 08:32:33', '2022-02-22 08:32:33'),
(4, 'Sheep', 3, 4, 0, 0, '2022-02-22 08:32:33', '2022-02-22 08:32:33'),
(5, 'Sheep', 3, 4, 0, 0, '2022-02-22 08:32:33', '2022-02-22 08:32:33'),
(6, 'Sheep', 3, 4, 0, 0, '2022-02-22 08:32:33', '2022-02-22 08:32:33'),
(7, 'Sheep', 3, 4, 1, 2, '2022-02-22 08:32:33', '2022-02-22 08:32:33'),
(8, 'Sheep', 3, 4, 0, 0, '2022-02-22 08:32:33', '2022-02-22 08:32:33'),
(9, 'Sheep', 3, 5, 2, 7, '2022-02-22 08:32:33', '2022-02-22 08:32:33'),
(10, 'Sheep', 3, 4, 0, 0, '2022-02-22 08:32:33', '2022-02-22 08:32:33'),
(11, 'Sheep', 3, 4, 0, 0, '2022-02-22 08:32:33', '2022-02-22 08:32:33'),
(12, 'Sheep', 3, 4, 0, 0, '2022-02-22 08:32:33', '2022-02-22 08:32:33'),
(13, 'Sheep', 3, 4, 0, 0, '2022-02-22 08:32:33', '2022-02-22 08:32:33'),
(14, 'Sheep', 3, 4, 0, 0, '2022-02-22 08:32:33', '2022-02-22 08:32:33'),
(15, 'Sheep', 3, 4, 0, 0, '2022-02-22 08:32:33', '2022-02-22 08:32:33'),
(16, 'Sheep', 3, 4, 0, 0, '2022-02-22 08:32:33', '2022-02-22 08:32:33'),
(17, 'Sheep', 3, 4, 0, 0, '2022-02-22 08:32:33', '2022-02-22 08:32:33'),
(18, 'Sheep', 3, 4, 0, 0, '2022-02-22 08:32:33', '2022-02-22 08:32:33'),
(19, 'Sheep', 3, 4, 0, 0, '2022-02-22 08:32:33', '2022-02-22 08:32:33'),
(20, 'Sheep', 3, 4, 0, 0, '2022-02-22 08:32:33', '2022-02-22 08:32:33'),
(21, 'Sheep', 3, 4, 0, 0, '2022-02-22 08:32:33', '2022-02-22 08:32:33'),
(22, 'Sheep', 3, 4, 0, 0, '2022-02-22 08:32:33', '2022-02-22 08:32:33'),
(23, 'Sheep', 3, 4, 0, 0, '2022-02-22 08:32:33', '2022-02-22 08:32:33'),
(24, 'Wolf', 6, 5, 0, 0, '2022-02-22 08:32:33', '2022-02-22 08:32:33'),
(25, 'Wolf', 6, 5, 0, 0, '2022-02-22 08:32:33', '2022-02-22 08:32:33'),
(26, 'Wolf', 6, 5, 0, 0, '2022-02-22 08:32:33', '2022-02-22 08:32:33'),
(27, 'Wolf', 6, 5, 0, 0, '2022-02-22 08:32:33', '2022-02-22 08:32:33'),
(28, 'Wolf', 6, 5, 0, 0, '2022-02-22 08:32:33', '2022-02-22 08:32:33'),
(29, 'Wolf', 6, 5, 0, 0, '2022-02-22 08:32:33', '2022-02-22 08:32:33'),
(30, 'Wolf', 6, 5, 1, 10, '2022-02-22 08:32:33', '2022-02-22 08:32:33'),
(31, 'Wolf', 6, 5, 0, 0, '2022-02-22 08:32:33', '2022-02-22 08:32:33'),
(32, 'Wolf', 6, 5, 0, 0, '2022-02-22 08:32:33', '2022-02-22 08:32:33'),
(33, 'Wolf', 6, 5, 0, 0, '2022-02-22 08:32:33', '2022-02-22 08:32:33'),
(34, 'Wolf', 6, 5, 0, 0, '2022-02-22 08:32:33', '2022-02-22 08:32:33'),
(35, 'Wolf', 6, 5, 0, 0, '2022-02-22 08:32:33', '2022-02-22 08:32:33'),
(36, 'Wolf', 7, 6, 4, 9, '2022-02-22 08:32:33', '2022-02-22 08:32:33'),
(37, 'Wolf', 6, 5, 0, 0, '2022-02-22 08:32:33', '2022-02-22 08:32:33'),
(38, 'Wolf', 6, 5, 0, 0, '2022-02-22 08:32:33', '2022-02-22 08:32:33'),
(39, 'Wolf', 6, 5, 0, 0, '2022-02-22 08:32:33', '2022-02-22 08:32:33'),
(40, 'Bear', 5, 8, 0, 0, '2022-02-22 08:32:33', '2022-02-22 08:32:33'),
(41, 'Bear', 5, 8, 0, 0, '2022-02-22 08:32:33', '2022-02-22 08:32:33'),
(42, 'Bear', 5, 8, 0, 0, '2022-02-22 08:32:33', '2022-02-22 08:32:33'),
(43, 'Bear', 5, 8, 0, 0, '2022-02-22 08:32:33', '2022-02-22 08:32:33'),
(44, 'Bear', 5, 8, 0, 0, '2022-02-22 08:32:33', '2022-02-22 08:32:33'),
(45, 'Bear', 5, 9, 3, 3, '2022-02-22 08:32:33', '2022-02-22 08:32:33'),
(46, 'Bear', 5, 8, 0, 0, '2022-02-22 08:32:33', '2022-02-22 08:32:33'),
(47, 'Bear', 5, 8, 0, 0, '2022-02-22 08:32:33', '2022-02-22 08:32:33'),
(48, 'Bear', 5, 8, 0, 0, '2022-02-22 08:32:33', '2022-02-22 08:32:33'),
(49, 'Bear', 5, 8, 0, 0, '2022-02-22 08:32:33', '2022-02-22 08:32:33'),
(50, 'Bear', 5, 8, 0, 0, '2022-02-22 08:32:33', '2022-02-22 08:32:33'),
(51, 'Bear', 5, 8, 0, 0, '2022-02-22 08:32:33', '2022-02-22 08:32:33'),
(52, 'Bear', 5, 8, 0, 0, '2022-02-22 08:32:33', '2022-02-22 08:32:33'),
(53, 'Bear', 5, 8, 0, 0, '2022-02-22 08:32:33', '2022-02-22 08:32:33'),
(54, 'Eagle', 8, 2, 0, 0, '2022-02-22 08:32:33', '2022-02-22 08:32:33'),
(55, 'Eagle', 8, 2, 0, 0, '2022-02-22 08:32:33', '2022-02-22 08:32:33'),
(56, 'Eagle', 8, 2, 0, 0, '2022-02-22 08:32:33', '2022-02-22 08:32:33'),
(57, 'Eagle', 8, 2, 0, 0, '2022-02-22 08:32:33', '2022-02-22 08:32:33'),
(58, 'Eagle', 8, 2, 0, 0, '2022-02-22 08:32:33', '2022-02-22 08:32:33'),
(59, 'Eagle', 9, 3, 9, 1, '2022-02-22 08:32:33', '2022-02-22 08:32:33'),
(60, 'Eagle', 8, 2, 0, 0, '2022-02-22 08:32:33', '2022-02-22 08:32:33'),
(61, 'Eagle', 8, 2, 0, 0, '2022-02-22 08:32:33', '2022-02-22 08:32:33'),
(62, 'Eagle', 8, 2, 0, 0, '2022-02-22 08:32:33', '2022-02-22 08:32:33'),
(63, 'Eagle', 8, 3, 6, 4, '2022-02-22 08:32:33', '2022-02-22 08:32:33'),
(64, 'Eagle', 8, 2, 0, 0, '2022-02-22 08:32:33', '2022-02-22 08:32:33'),
(65, 'Eagle', 8, 2, 0, 0, '2022-02-22 08:32:33', '2022-02-22 08:32:33'),
(66, 'Eagle', 8, 2, 0, 0, '2022-02-22 08:32:33', '2022-02-22 08:32:33'),
(67, 'Eagle', 8, 2, 0, 0, '2022-02-22 08:32:33', '2022-02-22 08:32:33'),
(68, 'Eagle', 8, 2, 0, 0, '2022-02-22 08:32:33', '2022-02-22 08:32:33'),
(69, 'Eagle', 8, 2, 0, 0, '2022-02-22 08:32:33', '2022-02-22 08:32:33'),
(70, 'Eagle', 8, 2, 0, 0, '2022-02-22 08:32:33', '2022-02-22 08:32:33'),
(71, 'Tiger', 9, 8, 0, 0, '2022-02-22 08:32:33', '2022-02-22 08:32:33'),
(72, 'Tiger', 9, 8, 0, 0, '2022-02-22 08:32:33', '2022-02-22 08:32:33'),
(73, 'Tiger', 9, 8, 0, 0, '2022-02-22 08:32:33', '2022-02-22 08:32:33'),
(74, 'Tiger', 9, 8, 0, 0, '2022-02-22 08:32:33', '2022-02-22 08:32:33'),
(75, 'Tiger', 9, 8, 0, 0, '2022-02-22 08:32:33', '2022-02-22 08:32:33'),
(76, 'Tiger', 9, 8, 0, 0, '2022-02-22 08:32:33', '2022-02-22 08:32:33'),
(77, 'Tiger', 10, 9, 3, 8, '2022-02-22 08:32:33', '2022-02-22 08:32:33'),
(78, 'Sea Snake', 10, 6, 0, 0, '2022-02-22 08:32:33', '2022-02-22 08:32:33'),
(79, 'Sea Snake', 10, 6, 0, 0, '2022-02-22 08:32:33', '2022-02-22 08:32:33'),
(80, 'Sea Snake', 10, 6, 0, 0, '2022-02-22 08:32:33', '2022-02-22 08:32:33'),
(81, 'Sea Snake', 10, 6, 0, 0, '2022-02-22 08:32:33', '2022-02-22 08:32:33'),
(83, 'Sea Snake', 10, 8, 10, 2, '2022-02-22 08:32:33', '2022-02-22 08:32:33'),
(84, 'Sea Snake', 10, 6, 0, 0, '2022-02-22 08:32:33', '2022-02-22 08:32:33'),
(85, 'Giant Rat', 6, 6, 0, 0, '2022-02-22 08:32:33', '2022-02-22 08:32:33'),
(86, 'Giant Rat', 6, 6, 0, 0, '2022-02-22 08:32:33', '2022-02-22 08:32:33'),
(87, 'Giant Rat', 6, 6, 0, 0, '2022-02-22 08:32:33', '2022-02-22 08:32:33'),
(88, 'Giant Rat', 6, 6, 1, 5, '2022-02-22 08:32:33', '2022-02-22 08:32:33'),
(89, 'Giant Rat', 6, 6, 0, 0, '2022-02-22 08:32:33', '2022-02-22 08:32:33'),
(90, 'Giant Rat', 6, 6, 0, 0, '2022-02-22 08:32:33', '2022-02-22 08:32:33'),
(91, 'Giant Rat', 6, 6, 0, 0, '2022-02-22 08:32:33', '2022-02-22 08:32:33'),
(92, 'Giant Rat', 6, 6, 0, 0, '2022-02-22 08:32:33', '2022-02-22 08:32:33'),
(93, 'Giant Rat', 6, 6, 0, 0, '2022-02-22 08:32:33', '2022-02-22 08:32:33'),
(94, 'Giant Rat', 6, 8, 3, 6, '2022-02-22 08:32:33', '2022-02-22 08:32:33'),
(95, 'Giant Rat', 6, 6, 0, 0, '2022-02-22 08:32:33', '2022-02-22 08:32:33'),
(96, 'Giant Rat', 6, 6, 0, 0, '2022-02-22 08:32:33', '2022-02-22 08:32:33'),
(98, 'Giant Rat', 6, 6, 0, 0, '2022-02-22 08:32:33', '2022-02-22 08:32:33'),
(99, 'Giant Rat', 6, 6, 0, 0, '2022-02-22 08:32:33', '2022-02-22 08:32:33'),
(100, 'Giant Rat', 6, 6, 0, 0, '2022-02-22 08:32:33', '2022-02-22 08:32:33'),
(101, 'Giant Rat', 6, 6, 0, 0, '2022-02-22 08:32:33', '2022-02-22 08:32:33'),
(102, 'Giant Rat', 6, 6, 0, 0, '2022-02-22 08:32:33', '2022-02-22 08:32:33'),
(103, 'Giant Rat', 6, 6, 0, 0, '2022-02-22 08:32:33', '2022-02-22 08:32:33'),
(104, 'Giant Rat', 6, 6, 0, 0, '2022-02-22 08:32:33', '2022-02-22 08:32:33'),
(105, 'Giant Rat', 6, 6, 0, 0, '2022-02-22 08:32:33', '2022-02-22 08:32:33'),
(106, 'Giant Rat', 6, 6, 0, 0, '2022-02-22 08:32:33', '2022-02-22 08:32:33'),
(107, 'Giant Rat', 6, 6, 0, 0, '2022-02-22 08:32:33', '2022-02-22 08:32:33');

-- --------------------------------------------------------

--
-- Table structure for table `armors`
--

CREATE TABLE `armors` (
  `id` bigint(20) UNSIGNED NOT NULL,
  `name` varchar(255) COLLATE utf8mb4_unicode_ci NOT NULL,
  `price` int(11) NOT NULL,
  `defense` int(11) NOT NULL,
  `created_at` timestamp NULL DEFAULT NULL,
  `updated_at` timestamp NULL DEFAULT NULL
) ENGINE=InnoDB DEFAULT CHARSET=utf8mb4 COLLATE=utf8mb4_unicode_ci;

--
-- Dumping data for table `armors`
--

INSERT INTO `armors` (`id`, `name`, `price`, `defense`, `created_at`, `updated_at`) VALUES
(1, 'Loincloth', 10, 5, '2022-02-22 08:32:33', '2022-02-22 08:32:33'),
(2, 'Shirt', 15, 50, '2022-02-22 08:32:33', '2022-02-22 08:32:33'),
(3, 'Skin Armor', 100, 400, '2022-02-22 08:32:33', '2022-02-22 08:32:33'),
(4, 'Linothorax', 320, 900, '2022-02-22 08:32:33', '2022-02-22 08:32:33'),
(5, 'Cuirass', 515, 1200, '2022-02-22 08:32:33', '2022-02-22 08:32:33'),
(6, 'Leather Armor', 875, 1850, '2022-02-22 08:32:33', '2022-02-22 08:32:33'),
(7, 'Chainmail', 1125, 2200, '2022-02-22 08:32:33', '2022-02-22 08:32:33'),
(8, 'Plate Armor', 2100, 3100, '2022-02-22 08:32:33', '2022-02-22 08:32:33'),
(9, 'Bronze Armor', 2950, 4250, '2022-02-22 08:32:33', '2022-02-22 08:32:33'),
(10, 'Steel Armor', 3900, 5150, '2022-02-22 08:32:33', '2022-02-22 08:32:33'),
(11, 'Golden Armor', 5000, 6300, '2022-02-22 08:32:33', '2022-02-22 08:32:33'),
(12, 'Diamond Armor', 8325, 7250, '2022-02-22 08:32:33', '2022-02-22 08:32:33'),
(13, 'Shiny Robe', 1250, 2575, '2022-02-22 08:32:33', '2022-02-22 08:32:33'),
(14, 'Sorceress Skin', 4000, 4900, '2022-02-22 08:32:33', '2022-02-22 08:32:33'),
(15, 'Invincible Cloak', 8150, 7100, '2022-02-22 08:32:33', '2022-02-22 08:32:33'),
(16, 'Dragon Skull Armor', 9950, 8500, '2022-02-22 08:32:33', '2022-02-22 08:32:33'),
(17, 'Dragon Skin', 9950, 8500, '2022-02-22 08:32:33', '2022-02-22 08:32:33'),
(18, 'Tear of God', 15000, 9750, '2022-02-22 08:32:33', '2022-02-22 08:32:33'),
(19, 'Giant Shell', 0, 400, '2022-02-22 08:32:33', '2022-02-22 08:32:33'),
(20, 'Skeleton Armor', 0, 625, '2022-02-22 08:32:33', '2022-02-22 08:32:33'),
(21, 'Evil Aura', 0, 1800, '2022-02-22 08:32:33', '2022-02-22 08:32:33'),
(22, 'Human Skin Armor', 0, 2375, '2022-02-22 08:32:33', '2022-02-22 08:32:33'),
(23, 'Apocalypse Armor', 0, 2925, '2022-02-22 08:32:33', '2022-02-22 08:32:33');

-- --------------------------------------------------------

--
-- Table structure for table `cities`
--

CREATE TABLE `cities` (
  `id` bigint(20) UNSIGNED NOT NULL,
  `name` varchar(255) COLLATE utf8mb4_unicode_ci NOT NULL,
  `region` int(10) UNSIGNED NOT NULL,
  `created_at` timestamp NULL DEFAULT NULL,
  `updated_at` timestamp NULL DEFAULT NULL
) ENGINE=InnoDB DEFAULT CHARSET=utf8mb4 COLLATE=utf8mb4_unicode_ci;

--
-- Dumping data for table `cities`
--

INSERT INTO `cities` (`id`, `name`, `region`, `created_at`, `updated_at`) VALUES
(1, 'Knael', 4, '2022-02-22 08:32:33', '2022-02-22 08:32:33'),
(2, 'Troy', 4, '2022-02-22 08:32:33', '2022-02-22 08:32:33'),
(3, 'Pacifa', 4, '2022-02-22 08:32:33', '2022-02-22 08:32:33'),
(4, 'Onker', 4, '2022-02-22 08:32:33', '2022-02-22 08:32:33'),
(5, 'Quiro', 4, '2022-02-22 08:32:33', '2022-02-22 08:32:33'),
(6, 'Antsor', 4, '2022-02-22 08:32:33', '2022-02-22 08:32:33'),
(7, 'Harbor', 3, '2022-02-22 08:32:33', '2022-02-22 08:32:33'),
(8, 'Montse', 3, '2022-02-22 08:32:33', '2022-02-22 08:32:33'),
(9, 'Laeks', 3, '2022-02-22 08:32:33', '2022-02-22 08:32:33'),
(10, 'Vermon', 3, '2022-02-22 08:32:33', '2022-02-22 08:32:33'),
(11, 'Nordberg', 3, '2022-02-22 08:32:33', '2022-02-22 08:32:33'),
(12, 'Charcol', 5, '2022-02-22 08:32:33', '2022-02-22 08:32:33'),
(13, 'Droins', 5, '2022-02-22 08:32:33', '2022-02-22 08:32:33'),
(14, 'Mordor', 5, '2022-02-22 08:32:33', '2022-02-22 08:32:33'),
(15, 'Unterdages', 5, '2022-02-22 08:32:33', '2022-02-22 08:32:33'),
(16, 'Drakegor', 5, '2022-02-22 08:32:33', '2022-02-22 08:32:33'),
(17, 'Xantr', 5, '2022-02-22 08:32:33', '2022-02-22 08:32:33'),
(18, 'Yester', 5, '2022-02-22 08:32:33', '2022-02-22 08:32:33'),
(19, 'Tomparf', 1, '2022-02-22 08:32:33', '2022-02-22 08:32:33'),
(20, 'Preqeu', 1, '2022-02-22 08:32:33', '2022-02-22 08:32:33'),
(21, 'Hansora', 1, '2022-02-22 08:32:33', '2022-02-22 08:32:33'),
(22, 'Ismir', 1, '2022-02-22 08:32:33', '2022-02-22 08:32:33'),
(23, 'Sempre City', 2, '2022-02-22 08:32:33', '2022-02-22 08:32:33'),
(24, 'Nayak', 2, '2022-02-22 08:32:33', '2022-02-22 08:32:33'),
(25, 'Umprivaklo', 2, '2022-02-22 08:32:33', '2022-02-22 08:32:33'),
(26, 'Fjitsur', 2, '2022-02-22 08:32:33', '2022-02-22 08:32:33'),
(27, 'Soyaki', 2, '2022-02-22 08:32:33', '2022-02-22 08:32:33');

-- --------------------------------------------------------

--
-- Table structure for table `creatures`
--

CREATE TABLE `creatures` (
  `id` bigint(20) UNSIGNED NOT NULL,
  `name` varchar(255) COLLATE utf8mb4_unicode_ci NOT NULL,
  `attack` int(11) NOT NULL,
  `defense` int(11) NOT NULL,
  `max_health` int(11) NOT NULL,
  `health` int(11) NOT NULL,
  `gold` int(11) NOT NULL,
  `experience` int(11) NOT NULL,
  `spawn` int(11) NOT NULL,
  `created_at` timestamp NULL DEFAULT NULL,
  `updated_at` timestamp NULL DEFAULT NULL
) ENGINE=InnoDB DEFAULT CHARSET=utf8mb4 COLLATE=utf8mb4_unicode_ci;

--
-- Dumping data for table `creatures`
--

INSERT INTO `creatures` (`id`, `name`, `attack`, `defense`, `max_health`, `health`, `gold`, `experience`, `spawn`, `created_at`, `updated_at`) VALUES
(1, 'Killer Bee', 3, 5, 10, 10, 2, 1, 1, '2022-02-22 08:32:33', '2022-02-22 08:32:33'),
(2, 'Killer Bee', 3, 5, 10, 10, 2, 1, 1, '2022-02-22 08:32:33', '2022-02-22 08:32:33'),
(3, 'Killer Bee', 3, 5, 10, 10, 2, 1, 1, '2022-02-22 08:32:33', '2022-02-22 08:32:33'),
(4, 'Killer Bee', 3, 5, 10, 8, 2, 1, 1, '2022-02-22 08:32:33', '2022-02-22 08:32:33'),
(5, 'Killer Bee', 3, 5, 10, 10, 2, 1, 1, '2022-02-22 08:32:33', '2022-02-22 08:32:33'),
(6, 'Killer Bee', 3, 5, 10, 2, 2, 1, 1, '2022-02-22 08:32:33', '2022-02-22 08:32:33'),
(7, 'Killer Bee', 3, 5, 10, 10, 2, 1, 1, '2022-02-22 08:32:33', '2022-02-22 08:32:33'),
(8, 'Killer Bee', 3, 5, 10, 10, 2, 1, 1, '2022-02-22 08:32:33', '2022-02-22 08:32:33'),
(9, 'Killer Bee', 3, 5, 10, 5, 2, 1, 1, '2022-02-22 08:32:33', '2022-02-22 08:32:33'),
(10, 'Bat', 8, 10, 12, 12, 2, 5, 1, '2022-02-22 08:32:33', '2022-02-22 08:32:33'),
(11, 'Bat', 8, 10, 12, 12, 2, 5, 1, '2022-02-22 08:32:33', '2022-02-22 08:32:33'),
(12, 'Bat', 8, 10, 12, 12, 2, 5, 1, '2022-02-22 08:32:33', '2022-02-22 08:32:33'),
(13, 'Bat', 8, 10, 12, 5, 2, 5, 1, '2022-02-22 08:32:33', '2022-02-22 08:32:33'),
(14, 'Bat', 8, 10, 12, 12, 2, 5, 1, '2022-02-22 08:32:33', '2022-02-22 08:32:33'),
(15, 'Bat', 8, 10, 12, 12, 2, 5, 1, '2022-02-22 08:32:33', '2022-02-22 08:32:33'),
(16, 'Bat', 8, 10, 12, 12, 2, 5, 1, '2022-02-22 08:32:33', '2022-02-22 08:32:33'),
(17, 'Bat', 8, 10, 12, 11, 2, 5, 1, '2022-02-22 08:32:33', '2022-02-22 08:32:33'),
(18, 'Bat', 8, 10, 12, 12, 2, 5, 1, '2022-02-22 08:32:33', '2022-02-22 08:32:33'),
(19, 'Bat', 8, 10, 12, 12, 2, 5, 1, '2022-02-22 08:32:33', '2022-02-22 08:32:33'),
(20, 'Bat', 8, 10, 12, 12, 2, 5, 1, '2022-02-22 08:32:33', '2022-02-22 08:32:33'),
(21, 'Bat', 8, 10, 12, 6, 2, 5, 1, '2022-02-22 08:32:33', '2022-02-22 08:32:33'),
(22, 'Bat', 8, 10, 12, 12, 2, 5, 1, '2022-02-22 08:32:33', '2022-02-22 08:32:33'),
(23, 'Imp', 4, 15, 20, 20, 5, 8, 1, '2022-02-22 08:32:33', '2022-02-22 08:32:33'),
(24, 'Imp', 4, 15, 20, 19, 5, 8, 1, '2022-02-22 08:32:33', '2022-02-22 08:32:33'),
(25, 'Imp', 4, 15, 20, 20, 5, 8, 1, '2022-02-22 08:32:33', '2022-02-22 08:32:33'),
(26, 'Imp', 4, 15, 20, 20, 5, 8, 1, '2022-02-22 08:32:33', '2022-02-22 08:32:33'),
(27, 'Imp', 4, 15, 20, 20, 5, 8, 1, '2022-02-22 08:32:33', '2022-02-22 08:32:33'),
(28, 'Imp', 4, 15, 20, 20, 5, 8, 1, '2022-02-22 08:32:33', '2022-02-22 08:32:33'),
(29, 'Imp', 4, 15, 20, 20, 5, 8, 1, '2022-02-22 08:32:33', '2022-02-22 08:32:33'),
(30, 'Imp', 4, 15, 20, 2, 5, 8, 1, '2022-02-22 08:32:33', '2022-02-22 08:32:33'),
(31, 'Imp', 4, 15, 20, 20, 5, 8, 1, '2022-02-22 08:32:33', '2022-02-22 08:32:33'),
(32, 'Imp', 4, 15, 20, 20, 5, 8, 1, '2022-02-22 08:32:33', '2022-02-22 08:32:33'),
(33, 'Imp', 4, 15, 20, 20, 5, 8, 1, '2022-02-22 08:32:33', '2022-02-22 08:32:33'),
(34, 'Tarantula', 18, 7, 15, 15, 7, 10, 1, '2022-02-22 08:32:33', '2022-02-22 08:32:33'),
(35, 'Tarantula', 18, 7, 15, 11, 7, 10, 1, '2022-02-22 08:32:33', '2022-02-22 08:32:33'),
(36, 'Tarantula', 18, 7, 15, 15, 7, 10, 1, '2022-02-22 08:32:33', '2022-02-22 08:32:33'),
(37, 'Tarantula', 18, 7, 15, 15, 7, 10, 1, '2022-02-22 08:32:33', '2022-02-22 08:32:33'),
(38, 'Tarantula', 18, 7, 15, 15, 7, 10, 1, '2022-02-22 08:32:33', '2022-02-22 08:32:33'),
(39, 'Tarantula', 18, 7, 15, 15, 7, 10, 1, '2022-02-22 08:32:33', '2022-02-22 08:32:33'),
(40, 'Tarantula', 18, 7, 15, 3, 7, 10, 1, '2022-02-22 08:32:33', '2022-02-22 08:32:33'),
(41, 'Tarantula', 18, 7, 15, 15, 7, 10, 1, '2022-02-22 08:32:33', '2022-02-22 08:32:33'),
(42, 'Tarantula', 18, 7, 15, 15, 7, 10, 1, '2022-02-22 08:32:33', '2022-02-22 08:32:33'),
(43, 'Goblin', 30, 10, 25, 25, 10, 12, 1, '2022-02-22 08:32:33', '2022-02-22 08:32:33'),
(44, 'Goblin', 30, 10, 25, 25, 10, 12, 1, '2022-02-22 08:32:33', '2022-02-22 08:32:33'),
(45, 'Goblin', 30, 10, 25, 12, 10, 12, 1, '2022-02-22 08:32:33', '2022-02-22 08:32:33'),
(46, 'Goblin', 30, 10, 25, 25, 10, 12, 1, '2022-02-22 08:32:33', '2022-02-22 08:32:33'),
(47, 'Goblin', 30, 10, 25, 25, 10, 12, 1, '2022-02-22 08:32:33', '2022-02-22 08:32:33'),
(48, 'Goblin', 30, 10, 25, 25, 10, 12, 1, '2022-02-22 08:32:33', '2022-02-22 08:32:33'),
(49, 'Goblin', 30, 10, 25, 25, 10, 12, 1, '2022-02-22 08:32:33', '2022-02-22 08:32:33'),
(50, 'Goblin', 30, 10, 25, 5, 10, 12, 1, '2022-02-22 08:32:33', '2022-02-22 08:32:33'),
(51, 'Goblin', 30, 10, 25, 25, 10, 12, 1, '2022-02-22 08:32:33', '2022-02-22 08:32:33'),
(52, 'Goblin', 30, 10, 25, 25, 10, 12, 1, '2022-02-22 08:32:33', '2022-02-22 08:32:33'),
(53, 'Goblin', 30, 10, 25, 25, 10, 12, 1, '2022-02-22 08:32:33', '2022-02-22 08:32:33'),
(54, 'Orc', 30, 20, 30, 30, 10, 15, 1, '2022-02-22 08:32:33', '2022-02-22 08:32:33'),
(55, 'Orc', 30, 20, 30, 30, 10, 15, 1, '2022-02-22 08:32:33', '2022-02-22 08:32:33'),
(56, 'Orc', 30, 20, 30, 30, 10, 15, 1, '2022-02-22 08:32:33', '2022-02-22 08:32:33'),
(57, 'Orc', 30, 20, 30, 23, 10, 15, 1, '2022-02-22 08:32:33', '2022-02-22 08:32:33'),
(58, 'Orc', 30, 20, 30, 30, 10, 15, 1, '2022-02-22 08:32:33', '2022-02-22 08:32:33'),
(59, 'Orc', 30, 20, 30, 30, 10, 15, 1, '2022-02-22 08:32:33', '2022-02-22 08:32:33'),
(60, 'Orc', 30, 20, 30, 30, 10, 15, 1, '2022-02-22 08:32:33', '2022-02-22 08:32:33'),
(61, 'Orc', 30, 20, 30, 30, 10, 15, 1, '2022-02-22 08:32:33', '2022-02-22 08:32:33'),
(62, 'Orc', 30, 20, 30, 3, 10, 15, 1, '2022-02-22 08:32:33', '2022-02-22 08:32:33'),
(63, 'Orc', 30, 20, 30, 30, 10, 15, 1, '2022-02-22 08:32:33', '2022-02-22 08:32:33'),
(64, 'Orc', 30, 20, 30, 45, 10, 15, 1, '2022-02-22 08:32:33', '2022-02-22 08:32:33'),
(65, 'Orc', 30, 20, 30, 30, 10, 15, 1, '2022-02-22 08:32:33', '2022-02-22 08:32:33'),
(66, 'Orc', 30, 20, 30, 30, 10, 15, 1, '2022-02-22 08:32:33', '2022-02-22 08:32:33'),
(67, 'Orc', 30, 20, 30, 30, 10, 15, 1, '2022-02-22 08:32:33', '2022-02-22 08:32:33'),
(68, 'Orc', 30, 20, 30, 30, 10, 15, 1, '2022-02-22 08:32:33', '2022-02-22 08:32:33'),
(69, 'Kobold', 30, 60, 110, 110, 25, 22, 2, '2022-02-22 08:32:33', '2022-02-22 08:32:33'),
(70, 'Kobold', 30, 60, 110, 110, 25, 22, 2, '2022-02-22 08:32:33', '2022-02-22 08:32:33'),
(71, 'Kobold', 30, 60, 110, 110, 25, 22, 2, '2022-02-22 08:32:33', '2022-02-22 08:32:33'),
(72, 'Kobold', 30, 60, 110, 75, 25, 22, 2, '2022-02-22 08:32:33', '2022-02-22 08:32:33'),
(73, 'Kobold', 30, 60, 110, 110, 25, 22, 2, '2022-02-22 08:32:33', '2022-02-22 08:32:33'),
(74, 'Kobold', 30, 60, 110, 110, 25, 22, 2, '2022-02-22 08:32:33', '2022-02-22 08:32:33'),
(75, 'Kobold', 30, 60, 110, 110, 25, 22, 2, '2022-02-22 08:32:33', '2022-02-22 08:32:33'),
(76, 'Kobold', 30, 60, 110, 110, 25, 22, 2, '2022-02-22 08:32:33', '2022-02-22 08:32:33'),
(77, 'Kobold', 30, 60, 110, 63, 25, 22, 2, '2022-02-22 08:32:33', '2022-02-22 08:32:33'),
(78, 'Kobold', 30, 60, 110, 110, 25, 22, 2, '2022-02-22 08:32:33', '2022-02-22 08:32:33'),
(79, 'Kobold', 30, 60, 110, 110, 25, 22, 2, '2022-02-22 08:32:33', '2022-02-22 08:32:33'),
(80, 'Kobold', 30, 60, 110, 110, 25, 22, 2, '2022-02-22 08:32:33', '2022-02-22 08:32:33'),
(81, 'Kobold', 30, 60, 110, 22, 25, 22, 2, '2022-02-22 08:32:33', '2022-02-22 08:32:33'),
(82, 'Kobold', 30, 60, 110, 110, 25, 22, 2, '2022-02-22 08:32:33', '2022-02-22 08:32:33'),
(83, 'Kobold', 30, 60, 110, 110, 25, 22, 2, '2022-02-22 08:32:33', '2022-02-22 08:32:33'),
(84, 'Kobold', 30, 60, 110, 109, 25, 22, 2, '2022-02-22 08:32:33', '2022-02-22 08:32:33'),
(85, 'Kobold', 30, 60, 110, 110, 25, 22, 2, '2022-02-22 08:32:33', '2022-02-22 08:32:33'),
(86, 'Gargoyle', 44, 30, 90, 90, 20, 25, 2, '2022-02-22 08:32:33', '2022-02-22 08:32:33'),
(87, 'Gargoyle', 44, 30, 90, 74, 20, 25, 2, '2022-02-22 08:32:33', '2022-02-22 08:32:33'),
(88, 'Gargoyle', 44, 30, 90, 90, 20, 25, 2, '2022-02-22 08:32:33', '2022-02-22 08:32:33'),
(89, 'Gargoyle', 44, 30, 90, 56, 20, 25, 2, '2022-02-22 08:32:33', '2022-02-22 08:32:33'),
(90, 'Gargoyle', 44, 30, 90, 90, 20, 25, 2, '2022-02-22 08:32:33', '2022-02-22 08:32:33'),
(91, 'Gargoyle', 44, 30, 90, 90, 20, 25, 2, '2022-02-22 08:32:33', '2022-02-22 08:32:33'),
(92, 'Gargoyle', 44, 30, 90, 90, 20, 25, 2, '2022-02-22 08:32:33', '2022-02-22 08:32:33'),
(93, 'Gargoyle', 44, 30, 90, 11, 20, 25, 2, '2022-02-22 08:32:33', '2022-02-22 08:32:33'),
(94, 'Gargoyle', 44, 30, 90, 90, 20, 25, 2, '2022-02-22 08:32:33', '2022-02-22 08:32:33'),
(95, 'Gargoyle', 44, 30, 90, 90, 20, 25, 2, '2022-02-22 08:32:33', '2022-02-22 08:32:33'),
(96, 'Ghost', 40, 65, 150, 150, 0, 40, 2, '2022-02-22 08:32:33', '2022-02-22 08:32:33'),
(97, 'Ghost', 40, 65, 150, 150, 0, 40, 2, '2022-02-22 08:32:33', '2022-02-22 08:32:33'),
(98, 'Ghost', 40, 65, 150, 33, 0, 40, 2, '2022-02-22 08:32:33', '2022-02-22 08:32:33'),
(99, 'Ghost', 40, 65, 150, 150, 0, 40, 2, '2022-02-22 08:32:33', '2022-02-22 08:32:33'),
(100, 'Ghost', 40, 65, 150, 150, 0, 40, 2, '2022-02-22 08:32:33', '2022-02-22 08:32:33'),
(101, 'Ghost', 40, 65, 150, 150, 0, 40, 2, '2022-02-22 08:32:33', '2022-02-22 08:32:33'),
(102, 'Ghost', 40, 65, 150, 150, 0, 40, 2, '2022-02-22 08:32:33', '2022-02-22 08:32:33'),
(103, 'Ghost', 40, 65, 150, 150, 0, 40, 2, '2022-02-22 08:32:33', '2022-02-22 08:32:33'),
(104, 'Ghost', 40, 65, 150, 150, 0, 40, 2, '2022-02-22 08:32:33', '2022-02-22 08:32:33'),
(105, 'Ghost', 40, 65, 150, 150, 0, 40, 2, '2022-02-22 08:32:33', '2022-02-22 08:32:33'),
(106, 'Magog', 60, 60, 60, 60, 60, 20, 2, '2022-02-22 08:32:33', '2022-02-22 08:32:33'),
(107, 'Magog', 60, 60, 60, 60, 60, 20, 2, '2022-02-22 08:32:33', '2022-02-22 08:32:33'),
(108, 'Magog', 60, 60, 60, 60, 60, 20, 2, '2022-02-22 08:32:33', '2022-02-22 08:32:33'),
(109, 'Magog', 60, 60, 60, 60, 60, 20, 2, '2022-02-22 08:32:33', '2022-02-22 08:32:33'),
(110, 'Magog', 60, 60, 60, 60, 60, 20, 2, '2022-02-22 08:32:33', '2022-02-22 08:32:33'),
(111, 'Magog', 60, 60, 60, 12, 60, 20, 2, '2022-02-22 08:32:33', '2022-02-22 08:32:33'),
(112, 'Magog', 60, 60, 60, 60, 60, 20, 2, '2022-02-22 08:32:33', '2022-02-22 08:32:33'),
(113, 'Magog', 60, 60, 60, 60, 60, 20, 2, '2022-02-22 08:32:33', '2022-02-22 08:32:33'),
(114, 'Magog', 60, 60, 60, 60, 60, 20, 2, '2022-02-22 08:32:33', '2022-02-22 08:32:33'),
(115, 'Magog', 60, 60, 60, 60, 60, 20, 2, '2022-02-22 08:32:33', '2022-02-22 08:32:33'),
(116, 'Magog', 60, 60, 60, 60, 60, 20, 2, '2022-02-22 08:32:33', '2022-02-22 08:32:33'),
(117, 'Magog', 60, 60, 60, 60, 60, 20, 2, '2022-02-22 08:32:33', '2022-02-22 08:32:33'),
(118, 'Magog', 60, 60, 60, 60, 60, 20, 2, '2022-02-22 08:32:33', '2022-02-22 08:32:33'),
(119, 'Magog', 60, 60, 60, 60, 60, 20, 2, '2022-02-22 08:32:33', '2022-02-22 08:32:33'),
(120, 'Magog', 60, 60, 60, 60, 60, 20, 2, '2022-02-22 08:32:33', '2022-02-22 08:32:33'),
(121, 'Magog', 60, 60, 60, 60, 60, 20, 2, '2022-02-22 08:32:33', '2022-02-22 08:32:33'),
(122, 'Wraith', 75, 25, 75, 75, 20, 35, 2, '2022-02-22 08:32:33', '2022-02-22 08:32:33'),
(123, 'Wraith', 75, 25, 75, 75, 20, 35, 2, '2022-02-22 08:32:33', '2022-02-22 08:32:33'),
(124, 'Wraith', 75, 25, 75, 75, 20, 35, 2, '2022-02-22 08:32:33', '2022-02-22 08:32:33'),
(125, 'Wraith', 75, 25, 75, 75, 20, 35, 2, '2022-02-22 08:32:33', '2022-02-22 08:32:33'),
(126, 'Wraith', 75, 25, 75, 75, 20, 35, 2, '2022-02-22 08:32:33', '2022-02-22 08:32:33'),
(127, 'Wraith', 75, 25, 75, 75, 20, 35, 2, '2022-02-22 08:32:33', '2022-02-22 08:32:33'),
(128, 'Troll', 95, 70, 150, 150, 80, 50, 3, '2022-02-22 08:32:33', '2022-02-22 08:32:33'),
(129, 'Troll', 95, 70, 150, 150, 80, 50, 3, '2022-02-22 08:32:33', '2022-02-22 08:32:33'),
(130, 'Troll', 95, 70, 150, 104, 80, 50, 3, '2022-02-22 08:32:33', '2022-02-22 08:32:33'),
(131, 'Troll', 95, 70, 150, 150, 80, 50, 3, '2022-02-22 08:32:33', '2022-02-22 08:32:33'),
(132, 'Troll', 95, 70, 150, 150, 80, 50, 3, '2022-02-22 08:32:33', '2022-02-22 08:32:33'),
(133, 'Troll', 95, 70, 150, 150, 80, 50, 3, '2022-02-22 08:32:33', '2022-02-22 08:32:33'),
(134, 'Troll', 95, 70, 150, 150, 80, 50, 3, '2022-02-22 08:32:33', '2022-02-22 08:32:33'),
(135, 'Troll', 95, 70, 150, 150, 80, 50, 3, '2022-02-22 08:32:33', '2022-02-22 08:32:33'),
(136, 'Troll', 95, 70, 150, 150, 80, 50, 3, '2022-02-22 08:32:33', '2022-02-22 08:32:33'),
(137, 'Golem', 100, 75, 135, 135, 30, 50, 3, '2022-02-22 08:32:33', '2022-02-22 08:32:33'),
(138, 'Golem', 100, 75, 135, 135, 30, 50, 3, '2022-02-22 08:32:33', '2022-02-22 08:32:33'),
(139, 'Golem', 100, 75, 135, 135, 30, 50, 3, '2022-02-22 08:32:33', '2022-02-22 08:32:33'),
(140, 'Golem', 100, 75, 135, 135, 30, 50, 3, '2022-02-22 08:32:33', '2022-02-22 08:32:33'),
(141, 'Golem', 100, 75, 135, 105, 30, 50, 3, '2022-02-22 08:32:33', '2022-02-22 08:32:33'),
(142, 'Golem', 100, 75, 135, 135, 30, 50, 3, '2022-02-22 08:32:33', '2022-02-22 08:32:33'),
(143, 'Golem', 100, 75, 135, 135, 30, 50, 3, '2022-02-22 08:32:33', '2022-02-22 08:32:33'),
(145, 'Golem', 100, 75, 135, 132, 30, 50, 3, '2022-02-22 08:32:33', '2022-02-22 08:32:33'),
(146, 'Golem', 100, 75, 135, 135, 30, 50, 3, '2022-02-22 08:32:33', '2022-02-22 08:32:33'),
(147, 'Golem', 100, 75, 135, 135, 30, 50, 3, '2022-02-22 08:32:33', '2022-02-22 08:32:33'),
(148, 'Golem', 100, 75, 135, 135, 30, 50, 3, '2022-02-22 08:32:33', '2022-02-22 08:32:33'),
(149, 'Demon', 150, 45, 100, 100, 55, 55, 3, '2022-02-22 08:32:33', '2022-02-22 08:32:33'),
(150, 'Demon', 150, 45, 100, 100, 55, 55, 3, '2022-02-22 08:32:33', '2022-02-22 08:32:33'),
(151, 'Demon', 150, 45, 100, 100, 55, 55, 3, '2022-02-22 08:32:33', '2022-02-22 08:32:33'),
(152, 'Demon', 150, 45, 100, 56, 55, 55, 3, '2022-02-22 08:32:33', '2022-02-22 08:32:33'),
(153, 'Demon', 150, 45, 100, 100, 55, 55, 3, '2022-02-22 08:32:33', '2022-02-22 08:32:33'),
(154, 'Demon', 150, 45, 100, 100, 55, 55, 3, '2022-02-22 08:32:33', '2022-02-22 08:32:33'),
(155, 'Demon', 150, 45, 100, 100, 55, 55, 3, '2022-02-22 08:32:33', '2022-02-22 08:32:33'),
(156, 'Troglodyte', 120, 80, 180, 180, 45, 58, 3, '2022-02-22 08:32:33', '2022-02-22 08:32:33'),
(157, 'Troglodyte', 120, 80, 180, 180, 45, 58, 3, '2022-02-22 08:32:33', '2022-02-22 08:32:33'),
(158, 'Troglodyte', 120, 80, 180, 180, 45, 58, 3, '2022-02-22 08:32:33', '2022-02-22 08:32:33'),
(159, 'Troglodyte', 120, 80, 180, 180, 45, 58, 3, '2022-02-22 08:32:33', '2022-02-22 08:32:33'),
(160, 'Troglodyte', 120, 80, 180, 180, 45, 58, 3, '2022-02-22 08:32:33', '2022-02-22 08:32:33'),
(161, 'Troglodyte', 120, 80, 180, 122, 45, 58, 3, '2022-02-22 08:32:33', '2022-02-22 08:32:33'),
(162, 'Troglodyte', 120, 80, 180, 180, 45, 58, 3, '2022-02-22 08:32:33', '2022-02-22 08:32:33'),
(163, 'Troglodyte', 120, 80, 180, 180, 45, 58, 3, '2022-02-22 08:32:33', '2022-02-22 08:32:33'),
(164, 'Troglodyte', 120, 80, 180, 180, 45, 58, 3, '2022-02-22 08:32:33', '2022-02-22 08:32:33'),
(165, 'Valkyrie', 100, 110, 220, 220, 50, 60, 3, '2022-02-22 08:32:33', '2022-02-22 08:32:33'),
(166, 'Valkyrie', 100, 110, 220, 220, 50, 60, 3, '2022-02-22 08:32:33', '2022-02-22 08:32:33'),
(167, 'Valkyrie', 100, 110, 220, 220, 50, 60, 3, '2022-02-22 08:32:33', '2022-02-22 08:32:33'),
(168, 'Valkyrie', 100, 110, 220, 220, 50, 60, 3, '2022-02-22 08:32:33', '2022-02-22 08:32:33'),
(169, 'Valkyrie', 100, 110, 220, 220, 50, 60, 3, '2022-02-22 08:32:33', '2022-02-22 08:32:33'),
(170, 'Valkyrie', 100, 110, 220, 220, 50, 60, 3, '2022-02-22 08:32:33', '2022-02-22 08:32:33'),
(171, 'Valkyrie', 100, 110, 220, 220, 50, 60, 3, '2022-02-22 08:32:33', '2022-02-22 08:32:33'),
(172, 'Valkyrie', 100, 110, 220, 198, 50, 60, 3, '2022-02-22 08:32:33', '2022-02-22 08:32:33'),
(173, 'Valkyrie', 100, 110, 220, 220, 50, 60, 3, '2022-02-22 08:32:33', '2022-02-22 08:32:33'),
(174, 'Valkyrie', 100, 110, 220, 220, 50, 60, 3, '2022-02-22 08:32:33', '2022-02-22 08:32:33'),
(175, 'Valkyrie', 100, 110, 220, 220, 50, 60, 3, '2022-02-22 08:32:33', '2022-02-22 08:32:33'),
(176, 'Valkyrie', 100, 110, 220, 220, 50, 60, 3, '2022-02-22 08:32:33', '2022-02-22 08:32:33'),
(177, 'Valkyrie', 100, 110, 220, 220, 50, 60, 3, '2022-02-22 08:32:33', '2022-02-22 08:32:33'),
(178, 'Valkyrie', 100, 110, 220, 220, 50, 60, 3, '2022-02-22 08:32:33', '2022-02-22 08:32:33'),
(179, 'Centaur', 165, 190, 150, 150, 44, 65, 3, '2022-02-22 08:32:33', '2022-02-22 08:32:33'),
(180, 'Centaur', 165, 190, 150, 150, 44, 65, 3, '2022-02-22 08:32:33', '2022-02-22 08:32:33'),
(181, 'Centaur', 165, 190, 150, 150, 44, 65, 3, '2022-02-22 08:32:33', '2022-02-22 08:32:33'),
(182, 'Centaur', 165, 190, 150, 150, 44, 65, 3, '2022-02-22 08:32:33', '2022-02-22 08:32:33'),
(183, 'Centaur', 165, 190, 150, 150, 44, 65, 3, '2022-02-22 08:32:33', '2022-02-22 08:32:33'),
(184, 'Centaur', 165, 190, 150, 150, 44, 65, 3, '2022-02-22 08:32:33', '2022-02-22 08:32:33'),
(185, 'Centaur', 165, 190, 150, 150, 44, 65, 3, '2022-02-22 08:32:33', '2022-02-22 08:32:33'),
(186, 'Centaur', 165, 190, 150, 150, 44, 65, 3, '2022-02-22 08:32:33', '2022-02-22 08:32:33'),
(187, 'Gorgon', 185, 200, 250, 250, 60, 68, 4, '2022-02-22 08:32:33', '2022-02-22 08:32:33'),
(188, 'Gorgon', 185, 200, 250, 250, 60, 68, 4, '2022-02-22 08:32:33', '2022-02-22 08:32:33'),
(189, 'Gorgon', 185, 200, 250, 250, 60, 68, 4, '2022-02-22 08:32:33', '2022-02-22 08:32:33'),
(190, 'Gorgon', 185, 200, 250, 219, 60, 68, 4, '2022-02-22 08:32:33', '2022-02-22 08:32:33'),
(191, 'Gorgon', 185, 200, 250, 250, 60, 68, 4, '2022-02-22 08:32:33', '2022-02-22 08:32:33'),
(192, 'Gorgon', 185, 200, 250, 250, 60, 68, 4, '2022-02-22 08:32:33', '2022-02-22 08:32:33'),
(193, 'Gorgon', 185, 200, 250, 250, 60, 68, 4, '2022-02-22 08:32:33', '2022-02-22 08:32:33'),
(194, 'Gorgon', 185, 200, 250, 250, 60, 68, 4, '2022-02-22 08:32:33', '2022-02-22 08:32:33'),
(195, 'Cyclops', 240, 285, 230, 230, 40, 72, 4, '2022-02-22 08:32:33', '2022-02-22 08:32:33'),
(196, 'Cyclops', 240, 285, 230, 230, 40, 72, 4, '2022-02-22 08:32:33', '2022-02-22 08:32:33'),
(197, 'Cyclops', 240, 285, 230, 230, 40, 72, 4, '2022-02-22 08:32:33', '2022-02-22 08:32:33'),
(198, 'Cyclops', 240, 285, 230, 230, 40, 72, 4, '2022-02-22 08:32:33', '2022-02-22 08:32:33'),
(199, 'Cyclops', 240, 285, 230, 57, 40, 72, 4, '2022-02-22 08:32:33', '2022-02-22 08:32:33'),
(200, 'Cyclops', 240, 285, 230, 230, 40, 72, 4, '2022-02-22 08:32:33', '2022-02-22 08:32:33'),
(201, 'Cyclops', 240, 285, 230, 230, 40, 72, 4, '2022-02-22 08:32:33', '2022-02-22 08:32:33'),
(202, 'Cyclops', 240, 285, 230, 230, 40, 72, 4, '2022-02-22 08:32:33', '2022-02-22 08:32:33'),
(203, 'Hydra', 290, 300, 250, 250, 50, 75, 4, '2022-02-22 08:32:33', '2022-02-22 08:32:33'),
(204, 'Hydra', 290, 300, 250, 250, 50, 75, 4, '2022-02-22 08:32:33', '2022-02-22 08:32:33'),
(205, 'Hydra', 290, 300, 250, 250, 50, 75, 4, '2022-02-22 08:32:33', '2022-02-22 08:32:33'),
(206, 'Hydra', 290, 300, 250, 250, 50, 75, 4, '2022-02-22 08:32:33', '2022-02-22 08:32:33'),
(207, 'Hydra', 290, 300, 250, 250, 50, 75, 4, '2022-02-22 08:32:33', '2022-02-22 08:32:33'),
(208, 'Hydra', 290, 300, 250, 202, 50, 75, 4, '2022-02-22 08:32:33', '2022-02-22 08:32:33'),
(209, 'Hydra', 290, 300, 250, 250, 50, 75, 4, '2022-02-22 08:32:33', '2022-02-22 08:32:33'),
(210, 'Hydra', 290, 300, 250, 250, 50, 75, 4, '2022-02-22 08:32:33', '2022-02-22 08:32:33'),
(211, 'Hydra', 290, 300, 250, 250, 50, 75, 4, '2022-02-22 08:32:33', '2022-02-22 08:32:33'),
(212, 'Hydra', 290, 300, 250, 48, 50, 75, 4, '2022-02-22 08:32:33', '2022-02-22 08:32:33'),
(213, 'Hydra', 290, 300, 250, 250, 50, 75, 4, '2022-02-22 08:32:33', '2022-02-22 08:32:33'),
(214, 'Hydra', 290, 300, 250, 250, 50, 75, 4, '2022-02-22 08:32:33', '2022-02-22 08:32:33'),
(215, 'Hydra', 290, 300, 250, 250, 50, 75, 4, '2022-02-22 08:32:33', '2022-02-22 08:32:33'),
(216, 'Hydra', 290, 300, 250, 1, 50, 75, 4, '2022-02-22 08:32:33', '2022-02-22 08:32:33'),
(217, 'Hydra', 290, 300, 250, 250, 50, 75, 4, '2022-02-22 08:32:33', '2022-02-22 08:32:33'),
(218, 'Pterodactyl', 405, 360, 200, 200, 20, 77, 4, '2022-02-22 08:32:33', '2022-02-22 08:32:33'),
(219, 'Pterodactyl', 405, 360, 200, 200, 20, 77, 4, '2022-02-22 08:32:33', '2022-02-22 08:32:33'),
(220, 'Pterodactyl', 405, 360, 200, 200, 20, 77, 4, '2022-02-22 08:32:33', '2022-02-22 08:32:33'),
(221, 'Pterodactyl', 405, 360, 200, 200, 20, 77, 4, '2022-02-22 08:32:33', '2022-02-22 08:32:33'),
(222, 'Pterodactyl', 405, 360, 200, 6, 20, 77, 4, '2022-02-22 08:32:33', '2022-02-22 08:32:33'),
(223, 'Pterodactyl', 405, 360, 200, 200, 20, 77, 4, '2022-02-22 08:32:33', '2022-02-22 08:32:33'),
(224, 'Pterodactyl', 405, 360, 200, 200, 20, 77, 4, '2022-02-22 08:32:33', '2022-02-22 08:32:33'),
(225, 'Titan', 680, 560, 800, 800, 0, 250, 5, '2022-02-22 08:32:33', '2022-02-22 08:32:33'),
(226, 'Titan', 680, 560, 800, 800, 0, 250, 5, '2022-02-22 08:32:33', '2022-02-22 08:32:33'),
(227, 'Titan', 680, 560, 800, 799, 0, 250, 5, '2022-02-22 08:32:33', '2022-02-22 08:32:33'),
(228, 'Titan', 680, 560, 800, 800, 0, 250, 5, '2022-02-22 08:32:33', '2022-02-22 08:32:33'),
(229, 'Titan', 680, 560, 800, 800, 0, 250, 5, '2022-02-22 08:32:33', '2022-02-22 08:32:33'),
(230, 'Minotaur', 520, 490, 590, 590, 120, 200, 5, '2022-02-22 08:32:33', '2022-02-22 08:32:33'),
(231, 'Minotaur', 520, 490, 590, 590, 120, 200, 5, '2022-02-22 08:32:33', '2022-02-22 08:32:33'),
(232, 'Minotaur', 520, 490, 590, 590, 120, 200, 5, '2022-02-22 08:32:33', '2022-02-22 08:32:33'),
(233, 'Minotaur', 520, 490, 590, 590, 120, 200, 5, '2022-02-22 08:32:33', '2022-02-22 08:32:33'),
(234, 'Minotaur', 520, 490, 590, 590, 120, 200, 5, '2022-02-22 08:32:33', '2022-02-22 08:32:33'),
(235, 'Minotaur', 520, 490, 590, 590, 120, 200, 5, '2022-02-22 08:32:33', '2022-02-22 08:32:33'),
(236, 'Minotaur', 520, 490, 590, 590, 120, 200, 5, '2022-02-22 08:32:33', '2022-02-22 08:32:33'),
(237, 'Behemoth', 610, 310, 890, 890, 105, 280, 5, '2022-02-22 08:32:33', '2022-02-22 08:32:33'),
(238, 'Behemoth', 610, 310, 890, 890, 105, 280, 5, '2022-02-22 08:32:33', '2022-02-22 08:32:33'),
(239, 'Behemoth', 610, 310, 890, 890, 105, 280, 5, '2022-02-22 08:32:33', '2022-02-22 08:32:33'),
(240, 'Behemoth', 610, 310, 890, 890, 105, 280, 5, '2022-02-22 08:32:33', '2022-02-22 08:32:33'),
(241, 'Behemoth', 610, 310, 890, 890, 105, 280, 5, '2022-02-22 08:32:33', '2022-02-22 08:32:33'),
(242, 'Behemoth', 610, 310, 890, 890, 105, 280, 5, '2022-02-22 08:32:33', '2022-02-22 08:32:33'),
(243, 'Behemoth', 610, 310, 890, 890, 105, 280, 5, '2022-02-22 08:32:33', '2022-02-22 08:32:33'),
(244, 'Behemoth', 610, 310, 890, 890, 105, 280, 5, '2022-02-22 08:32:33', '2022-02-22 08:32:33'),
(245, 'Behemoth', 610, 310, 890, 890, 105, 280, 5, '2022-02-22 08:32:33', '2022-02-22 08:32:33'),
(246, 'Behemoth', 610, 310, 890, 890, 105, 280, 5, '2022-02-22 08:32:33', '2022-02-22 08:32:33'),
(247, 'Behemoth', 610, 310, 890, 890, 105, 280, 5, '2022-02-22 08:32:33', '2022-02-22 08:32:33'),
(248, 'Wyvern', 785, 610, 725, 725, 200, 300, 5, '2022-02-22 08:32:33', '2022-02-22 08:32:33'),
(249, 'Wyvern', 785, 610, 725, 725, 200, 300, 5, '2022-02-22 08:32:33', '2022-02-22 08:32:33'),
(250, 'Wyvern', 785, 610, 725, 725, 200, 300, 5, '2022-02-22 08:32:33', '2022-02-22 08:32:33'),
(251, 'Wyvern', 785, 610, 725, 725, 200, 300, 5, '2022-02-22 08:32:33', '2022-02-22 08:32:33'),
(252, 'Wyvern', 785, 610, 725, 725, 200, 300, 5, '2022-02-22 08:32:33', '2022-02-22 08:32:33'),
(253, 'Wyvern', 785, 610, 725, 725, 200, 300, 5, '2022-02-22 08:32:33', '2022-02-22 08:32:33'),
(254, 'Wyvern', 785, 610, 725, 725, 200, 300, 5, '2022-02-22 08:32:33', '2022-02-22 08:32:33'),
(255, 'Wyvern', 785, 610, 725, 725, 200, 300, 5, '2022-02-22 08:32:33', '2022-02-22 08:32:33'),
(256, 'Red Dragon', 2500, 2500, 1000, 1000, 1500, 500, 1, '2022-02-22 08:32:33', '2022-02-22 08:32:33'),
(257, 'Green Dragon', 2500, 4500, 1000, 1000, 1500, 650, 2, '2022-02-22 08:32:33', '2022-02-22 08:32:33'),
(258, 'Brown Dragon', 3000, 3000, 2000, 2000, 1500, 650, 3, '2022-02-22 08:32:33', '2022-02-22 08:32:33'),
(259, 'Black Dragon', 5000, 5000, 3000, 3000, 2500, 850, 4, '2022-02-22 08:32:33', '2022-02-22 08:32:33'),
(260, 'White Dragon', 7500, 6000, 4000, 4000, 5000, 1000, 5, '2022-02-22 08:32:33', '2022-02-22 08:32:33');

-- --------------------------------------------------------

--
-- Table structure for table `heroes`
--

CREATE TABLE `heroes` (
  `id` bigint(20) UNSIGNED NOT NULL,
  `level` int(11) NOT NULL,
  `health` int(11) NOT NULL,
  `stamina` int(11) NOT NULL,
  `intelligence` int(11) NOT NULL,
  `charisma` int(11) NOT NULL,
  `resilience` int(11) NOT NULL,
  `person` int(11) NOT NULL,
  `created_at` timestamp NULL DEFAULT NULL,
  `updated_at` timestamp NULL DEFAULT NULL
) ENGINE=InnoDB DEFAULT CHARSET=utf8mb4 COLLATE=utf8mb4_unicode_ci;

--
-- Dumping data for table `heroes`
--

INSERT INTO `heroes` (`id`, `level`, `health`, `stamina`, `intelligence`, `charisma`, `resilience`, `person`, `created_at`, `updated_at`) VALUES
(1, 9, 1035, 30, 70, 80, 60, 1, '2022-02-22 08:32:33', '2022-02-22 08:32:33'),
(2, 35, 3585, 50, 40, 10, 30, 2, '2022-02-22 08:32:33', '2022-02-22 08:32:33'),
(3, 2, 500, 80, 30, 60, 70, 3, '2022-02-22 08:32:33', '2022-02-22 08:32:33'),
(4, 16, 1760, 80, 90, 50, 60, 4, '2022-02-22 08:32:33', '2022-02-22 08:32:33'),
(5, 11, 1530, 10, 30, 90, 20, 5, '2022-02-22 08:32:33', '2022-02-22 08:32:33'),
(6, 3, 420, 90, 20, 80, 50, 6, '2022-02-22 08:32:33', '2022-02-22 08:32:33'),
(7, 14, 1350, 60, 30, 70, 60, 7, '2022-02-22 08:32:33', '2022-02-22 08:32:33'),
(8, 9, 1370, 20, 90, 60, 70, 8, '2022-02-22 08:32:33', '2022-02-22 08:32:33'),
(9, 20, 2630, 90, 20, 90, 40, 9, '2022-02-22 08:32:33', '2022-02-22 08:32:33'),
(10, 1, 210, 10, 80, 30, 30, 10, '2022-02-22 08:32:33', '2022-02-22 08:32:33');

-- --------------------------------------------------------

--
-- Table structure for table `migrations`
--

CREATE TABLE `migrations` (
  `id` int(10) UNSIGNED NOT NULL,
  `migration` varchar(255) COLLATE utf8mb4_unicode_ci NOT NULL,
  `batch` int(11) NOT NULL
) ENGINE=InnoDB DEFAULT CHARSET=utf8mb4 COLLATE=utf8mb4_unicode_ci;

--
-- Dumping data for table `migrations`
--

INSERT INTO `migrations` (`id`, `migration`, `batch`) VALUES
(1, '2014_10_12_000000_create_users_table', 1),
(2, '2014_10_12_100000_create_password_resets_table', 1),
(3, '2019_06_11_111201_create_people_table', 1),
(4, '2019_06_11_125417_create_animals_table', 1),
(5, '2019_06_11_192924_create_armors_table', 1),
(6, '2019_06_12_151934_create_cities_table', 1),
(7, '2019_06_12_172054_create_creatures_table', 1),
(8, '2019_06_12_180350_create_heroes_table', 1),
(9, '2019_06_12_194820_create_npcs_table', 1),
(10, '2019_06_12_202653_create_quests_table', 1),
(11, '2019_06_13_064251_create_regions_table', 1),
(12, '2019_06_13_072957_create_weapons_table', 1);

-- --------------------------------------------------------

--
-- Table structure for table `npcs`
--

CREATE TABLE `npcs` (
  `id` bigint(20) UNSIGNED NOT NULL,
  `health` int(11) NOT NULL,
  `profession` varchar(255) COLLATE utf8mb4_unicode_ci NOT NULL,
  `city` int(10) UNSIGNED NOT NULL,
  `person` int(10) UNSIGNED NOT NULL,
  `created_at` timestamp NULL DEFAULT NULL,
  `updated_at` timestamp NULL DEFAULT NULL
) ENGINE=InnoDB DEFAULT CHARSET=utf8mb4 COLLATE=utf8mb4_unicode_ci;

--
-- Dumping data for table `npcs`
--

INSERT INTO `npcs` (`id`, `health`, `profession`, `city`, `person`, `created_at`, `updated_at`) VALUES
(1, 10000, 'Boss', 20, 11, '2022-02-22 08:32:33', '2022-02-22 08:32:33'),
(2, 22000, 'Boss', 25, 12, '2022-02-22 08:32:33', '2022-02-22 08:32:33'),
(3, 28000, 'Boss', 11, 13, '2022-02-22 08:32:33', '2022-02-22 08:32:33'),
(4, 35500, 'Boss', 3, 14, '2022-02-22 08:32:33', '2022-02-22 08:32:33'),
(5, 50000, 'Boss', 18, 15, '2022-02-22 08:32:33', '2022-02-22 08:32:33'),
(6, 250, 'Blacksmith', 1, 16, '2022-02-22 08:32:33', '2022-02-22 08:32:33'),
(7, 250, 'Apothecary', 1, 17, '2022-02-22 08:32:33', '2022-02-22 08:32:33'),
(8, 250, 'Tailor', 1, 18, '2022-02-22 08:32:33', '2022-02-22 08:32:33'),
(9, 250, 'Innkeeper', 1, 19, '2022-02-22 08:32:33', '2022-02-22 08:32:33'),
(10, 250, 'Craftsman', 1, 20, '2022-02-22 08:32:33', '2022-02-22 08:32:33'),
(11, 250, 'Pet Trainer', 1, 21, '2022-02-22 08:32:33', '2022-02-22 08:32:33'),
(12, 250, 'Elder', 1, 22, '2022-02-22 08:32:33', '2022-02-22 08:32:33'),
(13, 250, 'Blacksmith', 2, 23, '2022-02-22 08:32:33', '2022-02-22 08:32:33'),
(14, 250, 'Apothecary', 2, 24, '2022-02-22 08:32:33', '2022-02-22 08:32:33'),
(15, 250, 'Tailor', 2, 25, '2022-02-22 08:32:33', '2022-02-22 08:32:33'),
(16, 250, 'Innkeeper', 2, 26, '2022-02-22 08:32:33', '2022-02-22 08:32:33'),
(17, 250, 'Craftsman', 2, 27, '2022-02-22 08:32:33', '2022-02-22 08:32:33'),
(18, 250, 'Pet Trainer', 2, 28, '2022-02-22 08:32:33', '2022-02-22 08:32:33'),
(19, 250, 'Elder', 2, 29, '2022-02-22 08:32:33', '2022-02-22 08:32:33'),
(20, 250, 'Blacksmith', 3, 30, '2022-02-22 08:32:33', '2022-02-22 08:32:33'),
(21, 250, 'Apothecary', 3, 31, '2022-02-22 08:32:33', '2022-02-22 08:32:33'),
(22, 250, 'Tailor', 3, 32, '2022-02-22 08:32:33', '2022-02-22 08:32:33'),
(23, 250, 'Innkeeper', 3, 33, '2022-02-22 08:32:33', '2022-02-22 08:32:33'),
(24, 250, 'Craftsman', 3, 34, '2022-02-22 08:32:33', '2022-02-22 08:32:33'),
(25, 250, 'Pet Trainer', 3, 35, '2022-02-22 08:32:33', '2022-02-22 08:32:33'),
(26, 250, 'Elder', 3, 36, '2022-02-22 08:32:33', '2022-02-22 08:32:33'),
(27, 250, 'Blacksmith', 4, 37, '2022-02-22 08:32:33', '2022-02-22 08:32:33'),
(28, 250, 'Apothecary', 4, 38, '2022-02-22 08:32:33', '2022-02-22 08:32:33'),
(29, 250, 'Tailor', 4, 39, '2022-02-22 08:32:33', '2022-02-22 08:32:33'),
(30, 250, 'Innkeeper', 4, 40, '2022-02-22 08:32:33', '2022-02-22 08:32:33'),
(31, 250, 'Craftsman', 4, 41, '2022-02-22 08:32:33', '2022-02-22 08:32:33'),
(32, 250, 'Pet Trainer', 4, 42, '2022-02-22 08:32:33', '2022-02-22 08:32:33'),
(33, 250, 'Elder', 4, 43, '2022-02-22 08:32:33', '2022-02-22 08:32:33'),
(34, 250, 'Blacksmith', 5, 44, '2022-02-22 08:32:33', '2022-02-22 08:32:33'),
(35, 250, 'Apothecary', 5, 45, '2022-02-22 08:32:33', '2022-02-22 08:32:33'),
(36, 250, 'Tailor', 5, 46, '2022-02-22 08:32:33', '2022-02-22 08:32:33'),
(37, 250, 'Innkeeper', 5, 47, '2022-02-22 08:32:33', '2022-02-22 08:32:33'),
(38, 250, 'Craftsman', 5, 48, '2022-02-22 08:32:33', '2022-02-22 08:32:33'),
(39, 250, 'Pet Trainer', 5, 49, '2022-02-22 08:32:33', '2022-02-22 08:32:33'),
(40, 250, 'Elder', 5, 50, '2022-02-22 08:32:33', '2022-02-22 08:32:33'),
(41, 250, 'Blacksmith', 6, 51, '2022-02-22 08:32:33', '2022-02-22 08:32:33'),
(42, 250, 'Apothecary', 6, 52, '2022-02-22 08:32:33', '2022-02-22 08:32:33'),
(43, 250, 'Tailor', 6, 53, '2022-02-22 08:32:33', '2022-02-22 08:32:33'),
(44, 250, 'Innkeeper', 6, 54, '2022-02-22 08:32:33', '2022-02-22 08:32:33'),
(45, 250, 'Craftsman', 6, 55, '2022-02-22 08:32:33', '2022-02-22 08:32:33'),
(46, 250, 'Pet Trainer', 6, 56, '2022-02-22 08:32:33', '2022-02-22 08:32:33'),
(47, 250, 'Elder', 6, 57, '2022-02-22 08:32:33', '2022-02-22 08:32:33'),
(48, 250, 'Blacksmith', 7, 58, '2022-02-22 08:32:33', '2022-02-22 08:32:33'),
(49, 250, 'Apothecary', 7, 59, '2022-02-22 08:32:33', '2022-02-22 08:32:33'),
(50, 250, 'Tailor', 7, 60, '2022-02-22 08:32:33', '2022-02-22 08:32:33'),
(51, 250, 'Innkeeper', 7, 61, '2022-02-22 08:32:33', '2022-02-22 08:32:33'),
(52, 250, 'Craftsman', 7, 62, '2022-02-22 08:32:33', '2022-02-22 08:32:33'),
(53, 250, 'Pet Trainer', 7, 63, '2022-02-22 08:32:33', '2022-02-22 08:32:33'),
(54, 250, 'Elder', 7, 64, '2022-02-22 08:32:33', '2022-02-22 08:32:33'),
(55, 250, 'Blacksmith', 8, 65, '2022-02-22 08:32:33', '2022-02-22 08:32:33'),
(56, 250, 'Apothecary', 8, 66, '2022-02-22 08:32:33', '2022-02-22 08:32:33'),
(57, 250, 'Tailor', 8, 67, '2022-02-22 08:32:33', '2022-02-22 08:32:33'),
(58, 250, 'Innkeeper', 8, 68, '2022-02-22 08:32:33', '2022-02-22 08:32:33'),
(59, 250, 'Craftsman', 8, 69, '2022-02-22 08:32:33', '2022-02-22 08:32:33'),
(60, 250, 'Pet Trainer', 8, 70, '2022-02-22 08:32:33', '2022-02-22 08:32:33'),
(61, 250, 'Elder', 8, 71, '2022-02-22 08:32:33', '2022-02-22 08:32:33'),
(62, 250, 'Blacksmith', 9, 72, '2022-02-22 08:32:33', '2022-02-22 08:32:33'),
(63, 250, 'Apothecary', 9, 73, '2022-02-22 08:32:33', '2022-02-22 08:32:33'),
(64, 250, 'Tailor', 9, 74, '2022-02-22 08:32:33', '2022-02-22 08:32:33'),
(65, 250, 'Innkeeper', 9, 75, '2022-02-22 08:32:33', '2022-02-22 08:32:33'),
(66, 250, 'Craftsman', 9, 76, '2022-02-22 08:32:33', '2022-02-22 08:32:33'),
(67, 250, 'Pet Trainer', 9, 77, '2022-02-22 08:32:33', '2022-02-22 08:32:33'),
(68, 250, 'Elder', 9, 78, '2022-02-22 08:32:33', '2022-02-22 08:32:33'),
(69, 250, 'Blacksmith', 10, 79, '2022-02-22 08:32:33', '2022-02-22 08:32:33'),
(70, 250, 'Apothecary', 10, 80, '2022-02-22 08:32:33', '2022-02-22 08:32:33'),
(71, 250, 'Tailor', 10, 81, '2022-02-22 08:32:33', '2022-02-22 08:32:33'),
(72, 250, 'Innkeeper', 10, 82, '2022-02-22 08:32:33', '2022-02-22 08:32:33'),
(73, 250, 'Craftsman', 10, 83, '2022-02-22 08:32:33', '2022-02-22 08:32:33'),
(74, 250, 'Pet Trainer', 10, 84, '2022-02-22 08:32:33', '2022-02-22 08:32:33'),
(75, 250, 'Elder', 10, 85, '2022-02-22 08:32:33', '2022-02-22 08:32:33'),
(76, 250, 'Blacksmith', 11, 86, '2022-02-22 08:32:33', '2022-02-22 08:32:33'),
(77, 250, 'Apothecary', 11, 87, '2022-02-22 08:32:33', '2022-02-22 08:32:33'),
(78, 250, 'Tailor', 11, 88, '2022-02-22 08:32:33', '2022-02-22 08:32:33'),
(79, 250, 'Innkeeper', 11, 89, '2022-02-22 08:32:33', '2022-02-22 08:32:33'),
(80, 250, 'Craftsman', 11, 90, '2022-02-22 08:32:33', '2022-02-22 08:32:33'),
(81, 250, 'Pet Trainer', 11, 91, '2022-02-22 08:32:33', '2022-02-22 08:32:33'),
(82, 250, 'Elder', 11, 92, '2022-02-22 08:32:33', '2022-02-22 08:32:33'),
(83, 250, 'Blacksmith', 12, 93, '2022-02-22 08:32:33', '2022-02-22 08:32:33'),
(84, 250, 'Apothecary', 12, 94, '2022-02-22 08:32:33', '2022-02-22 08:32:33'),
(85, 250, 'Tailor', 12, 95, '2022-02-22 08:32:33', '2022-02-22 08:32:33'),
(86, 250, 'Innkeeper', 12, 96, '2022-02-22 08:32:33', '2022-02-22 08:32:33'),
(87, 250, 'Craftsman', 12, 97, '2022-02-22 08:32:33', '2022-02-22 08:32:33'),
(88, 250, 'Pet Trainer', 12, 98, '2022-02-22 08:32:33', '2022-02-22 08:32:33'),
(89, 250, 'Elder', 12, 99, '2022-02-22 08:32:33', '2022-02-22 08:32:33'),
(90, 250, 'Blacksmith', 13, 100, '2022-02-22 08:32:33', '2022-02-22 08:32:33'),
(91, 250, 'Apothecary', 13, 101, '2022-02-22 08:32:33', '2022-02-22 08:32:33'),
(92, 250, 'Tailor', 13, 102, '2022-02-22 08:32:33', '2022-02-22 08:32:33'),
(93, 250, 'Innkeeper', 13, 103, '2022-02-22 08:32:33', '2022-02-22 08:32:33'),
(94, 250, 'Craftsman', 13, 104, '2022-02-22 08:32:34', '2022-02-22 08:32:34'),
(95, 250, 'Pet Trainer', 13, 105, '2022-02-22 08:32:34', '2022-02-22 08:32:34'),
(96, 250, 'Elder', 13, 106, '2022-02-22 08:32:34', '2022-02-22 08:32:34'),
(97, 250, 'Blacksmith', 14, 107, '2022-02-22 08:32:34', '2022-02-22 08:32:34'),
(98, 250, 'Apothecary', 14, 108, '2022-02-22 08:32:34', '2022-02-22 08:32:34'),
(99, 250, 'Tailor', 14, 109, '2022-02-22 08:32:34', '2022-02-22 08:32:34'),
(100, 250, 'Innkeeper', 14, 110, '2022-02-22 08:32:34', '2022-02-22 08:32:34'),
(101, 250, 'Craftsman', 14, 111, '2022-02-22 08:32:34', '2022-02-22 08:32:34'),
(102, 250, 'Pet Trainer', 14, 112, '2022-02-22 08:32:34', '2022-02-22 08:32:34'),
(103, 250, 'Elder', 14, 113, '2022-02-22 08:32:34', '2022-02-22 08:32:34'),
(104, 250, 'Blacksmith', 15, 114, '2022-02-22 08:32:34', '2022-02-22 08:32:34'),
(105, 250, 'Apothecary', 15, 115, '2022-02-22 08:32:34', '2022-02-22 08:32:34'),
(106, 250, 'Tailor', 15, 116, '2022-02-22 08:32:34', '2022-02-22 08:32:34'),
(107, 250, 'Innkeeper', 15, 117, '2022-02-22 08:32:34', '2022-02-22 08:32:34'),
(108, 250, 'Craftsman', 15, 118, '2022-02-22 08:32:34', '2022-02-22 08:32:34'),
(109, 250, 'Pet Trainer', 15, 119, '2022-02-22 08:32:34', '2022-02-22 08:32:34'),
(110, 250, 'Elder', 15, 120, '2022-02-22 08:32:34', '2022-02-22 08:32:34'),
(111, 250, 'Blacksmith', 16, 121, '2022-02-22 08:32:34', '2022-02-22 08:32:34'),
(112, 250, 'Apothecary', 16, 122, '2022-02-22 08:32:34', '2022-02-22 08:32:34'),
(113, 250, 'Tailor', 16, 123, '2022-02-22 08:32:34', '2022-02-22 08:32:34'),
(114, 250, 'Innkeeper', 16, 124, '2022-02-22 08:32:34', '2022-02-22 08:32:34'),
(115, 250, 'Craftsman', 16, 125, '2022-02-22 08:32:34', '2022-02-22 08:32:34'),
(116, 250, 'Pet Trainer', 16, 126, '2022-02-22 08:32:34', '2022-02-22 08:32:34'),
(117, 250, 'Elder', 16, 127, '2022-02-22 08:32:34', '2022-02-22 08:32:34'),
(118, 250, 'Blacksmith', 17, 128, '2022-02-22 08:32:34', '2022-02-22 08:32:34'),
(119, 250, 'Apothecary', 17, 129, '2022-02-22 08:32:34', '2022-02-22 08:32:34'),
(120, 250, 'Tailor', 17, 130, '2022-02-22 08:32:34', '2022-02-22 08:32:34'),
(121, 250, 'Innkeeper', 17, 131, '2022-02-22 08:32:34', '2022-02-22 08:32:34'),
(122, 250, 'Craftsman', 17, 132, '2022-02-22 08:32:34', '2022-02-22 08:32:34'),
(123, 250, 'Pet Trainer', 17, 133, '2022-02-22 08:32:34', '2022-02-22 08:32:34'),
(124, 250, 'Elder', 17, 134, '2022-02-22 08:32:34', '2022-02-22 08:32:34'),
(125, 250, 'Blacksmith', 18, 135, '2022-02-22 08:32:34', '2022-02-22 08:32:34'),
(126, 250, 'Apothecary', 18, 136, '2022-02-22 08:32:34', '2022-02-22 08:32:34'),
(127, 250, 'Tailor', 18, 137, '2022-02-22 08:32:34', '2022-02-22 08:32:34'),
(128, 250, 'Innkeeper', 18, 138, '2022-02-22 08:32:34', '2022-02-22 08:32:34'),
(129, 250, 'Craftsman', 18, 139, '2022-02-22 08:32:34', '2022-02-22 08:32:34'),
(130, 250, 'Pet Trainer', 18, 140, '2022-02-22 08:32:34', '2022-02-22 08:32:34'),
(131, 250, 'Elder', 18, 141, '2022-02-22 08:32:34', '2022-02-22 08:32:34'),
(132, 250, 'Blacksmith', 19, 142, '2022-02-22 08:32:34', '2022-02-22 08:32:34'),
(133, 250, 'Apothecary', 19, 143, '2022-02-22 08:32:34', '2022-02-22 08:32:34'),
(134, 250, 'Tailor', 19, 144, '2022-02-22 08:32:34', '2022-02-22 08:32:34'),
(135, 250, 'Innkeeper', 19, 145, '2022-02-22 08:32:34', '2022-02-22 08:32:34'),
(136, 250, 'Craftsman', 19, 146, '2022-02-22 08:32:34', '2022-02-22 08:32:34'),
(137, 250, 'Pet Trainer', 19, 147, '2022-02-22 08:32:34', '2022-02-22 08:32:34'),
(138, 250, 'Elder', 19, 148, '2022-02-22 08:32:34', '2022-02-22 08:32:34'),
(139, 250, 'Blacksmith', 20, 149, '2022-02-22 08:32:34', '2022-02-22 08:32:34'),
(140, 250, 'Apothecary', 20, 150, '2022-02-22 08:32:34', '2022-02-22 08:32:34'),
(141, 250, 'Tailor', 20, 151, '2022-02-22 08:32:34', '2022-02-22 08:32:34'),
(142, 250, 'Innkeeper', 20, 152, '2022-02-22 08:32:34', '2022-02-22 08:32:34'),
(143, 250, 'Craftsman', 20, 153, '2022-02-22 08:32:34', '2022-02-22 08:32:34'),
(144, 250, 'Pet Trainer', 20, 154, '2022-02-22 08:32:34', '2022-02-22 08:32:34'),
(145, 250, 'Elder', 20, 155, '2022-02-22 08:32:34', '2022-02-22 08:32:34'),
(146, 250, 'Blacksmith', 21, 156, '2022-02-22 08:32:34', '2022-02-22 08:32:34'),
(147, 250, 'Apothecary', 21, 157, '2022-02-22 08:32:34', '2022-02-22 08:32:34'),
(148, 250, 'Tailor', 21, 158, '2022-02-22 08:32:34', '2022-02-22 08:32:34'),
(149, 250, 'Innkeeper', 21, 159, '2022-02-22 08:32:34', '2022-02-22 08:32:34'),
(150, 250, 'Craftsman', 21, 160, '2022-02-22 08:32:34', '2022-02-22 08:32:34'),
(151, 250, 'Pet Trainer', 21, 161, '2022-02-22 08:32:34', '2022-02-22 08:32:34'),
(152, 250, 'Elder', 21, 162, '2022-02-22 08:32:34', '2022-02-22 08:32:34'),
(153, 250, 'Blacksmith', 22, 163, '2022-02-22 08:32:34', '2022-02-22 08:32:34'),
(154, 250, 'Apothecary', 22, 164, '2022-02-22 08:32:34', '2022-02-22 08:32:34'),
(155, 250, 'Tailor', 22, 165, '2022-02-22 08:32:34', '2022-02-22 08:32:34'),
(156, 250, 'Innkeeper', 22, 166, '2022-02-22 08:32:34', '2022-02-22 08:32:34'),
(157, 250, 'Craftsman', 22, 167, '2022-02-22 08:32:34', '2022-02-22 08:32:34'),
(158, 250, 'Pet Trainer', 22, 168, '2022-02-22 08:32:34', '2022-02-22 08:32:34'),
(159, 250, 'Elder', 22, 169, '2022-02-22 08:32:34', '2022-02-22 08:32:34'),
(160, 250, 'Blacksmith', 23, 170, '2022-02-22 08:32:34', '2022-02-22 08:32:34'),
(161, 250, 'Apothecary', 23, 171, '2022-02-22 08:32:34', '2022-02-22 08:32:34'),
(162, 250, 'Tailor', 23, 172, '2022-02-22 08:32:34', '2022-02-22 08:32:34'),
(163, 250, 'Innkeeper', 23, 173, '2022-02-22 08:32:34', '2022-02-22 08:32:34'),
(164, 250, 'Craftsman', 23, 174, '2022-02-22 08:32:34', '2022-02-22 08:32:34'),
(165, 250, 'Pet Trainer', 23, 175, '2022-02-22 08:32:34', '2022-02-22 08:32:34'),
(166, 250, 'Elder', 23, 176, '2022-02-22 08:32:34', '2022-02-22 08:32:34'),
(167, 250, 'Blacksmith', 24, 177, '2022-02-22 08:32:34', '2022-02-22 08:32:34'),
(168, 250, 'Apothecary', 24, 178, '2022-02-22 08:32:34', '2022-02-22 08:32:34'),
(169, 250, 'Tailor', 24, 179, '2022-02-22 08:32:34', '2022-02-22 08:32:34'),
(170, 250, 'Innkeeper', 24, 180, '2022-02-22 08:32:34', '2022-02-22 08:32:34'),
(171, 250, 'Craftsman', 24, 181, '2022-02-22 08:32:34', '2022-02-22 08:32:34'),
(172, 250, 'Pet Trainer', 24, 182, '2022-02-22 08:32:34', '2022-02-22 08:32:34'),
(173, 250, 'Elder', 24, 183, '2022-02-22 08:32:34', '2022-02-22 08:32:34'),
(174, 250, 'Blacksmith', 25, 184, '2022-02-22 08:32:34', '2022-02-22 08:32:34'),
(175, 250, 'Apothecary', 25, 185, '2022-02-22 08:32:34', '2022-02-22 08:32:34'),
(176, 250, 'Tailor', 25, 186, '2022-02-22 08:32:34', '2022-02-22 08:32:34'),
(177, 250, 'Innkeeper', 25, 187, '2022-02-22 08:32:34', '2022-02-22 08:32:34'),
(178, 250, 'Craftsman', 25, 188, '2022-02-22 08:32:34', '2022-02-22 08:32:34'),
(179, 250, 'Pet Trainer', 25, 189, '2022-02-22 08:32:34', '2022-02-22 08:32:34'),
(180, 250, 'Elder', 25, 190, '2022-02-22 08:32:34', '2022-02-22 08:32:34'),
(181, 250, 'Blacksmith', 26, 191, '2022-02-22 08:32:34', '2022-02-22 08:32:34'),
(182, 250, 'Apothecary', 26, 192, '2022-02-22 08:32:34', '2022-02-22 08:32:34'),
(183, 250, 'Tailor', 26, 193, '2022-02-22 08:32:34', '2022-02-22 08:32:34'),
(184, 250, 'Innkeeper', 26, 194, '2022-02-22 08:32:34', '2022-02-22 08:32:34'),
(185, 250, 'Craftsman', 26, 195, '2022-02-22 08:32:34', '2022-02-22 08:32:34'),
(186, 250, 'Pet Trainer', 26, 196, '2022-02-22 08:32:34', '2022-02-22 08:32:34'),
(187, 250, 'Elder', 26, 197, '2022-02-22 08:32:34', '2022-02-22 08:32:34'),
(188, 250, 'Blacksmith', 27, 198, '2022-02-22 08:32:34', '2022-02-22 08:32:34'),
(189, 250, 'Apothecary', 27, 199, '2022-02-22 08:32:34', '2022-02-22 08:32:34'),
(190, 250, 'Tailor', 27, 200, '2022-02-22 08:32:34', '2022-02-22 08:32:34'),
(191, 250, 'Innkeeper', 27, 201, '2022-02-22 08:32:34', '2022-02-22 08:32:34'),
(192, 250, 'Craftsman', 27, 202, '2022-02-22 08:32:34', '2022-02-22 08:32:34'),
(193, 250, 'Pet Trainer', 27, 203, '2022-02-22 08:32:34', '2022-02-22 08:32:34'),
(194, 250, 'Elder', 27, 204, '2022-02-22 08:32:34', '2022-02-22 08:32:34');

-- --------------------------------------------------------

--
-- Table structure for table `password_resets`
--

CREATE TABLE `password_resets` (
  `email` varchar(255) COLLATE utf8mb4_unicode_ci NOT NULL,
  `token` varchar(255) COLLATE utf8mb4_unicode_ci NOT NULL,
  `created_at` timestamp NULL DEFAULT NULL
) ENGINE=InnoDB DEFAULT CHARSET=utf8mb4 COLLATE=utf8mb4_unicode_ci;

-- --------------------------------------------------------

--
-- Table structure for table `people`
--

CREATE TABLE `people` (
  `id` bigint(20) UNSIGNED NOT NULL,
  `name` varchar(255) COLLATE utf8mb4_unicode_ci NOT NULL,
  `sex` varchar(255) COLLATE utf8mb4_unicode_ci NOT NULL,
  `max_health` int(11) NOT NULL,
  `attack` int(11) NOT NULL,
  `defense` int(11) NOT NULL,
  `agility` int(11) NOT NULL,
  `experience` int(11) NOT NULL,
  `gold` int(11) NOT NULL,
  `weapon` int(10) UNSIGNED NOT NULL,
  `armor` int(10) UNSIGNED NOT NULL,
  `created_at` timestamp NULL DEFAULT NULL,
  `updated_at` timestamp NULL DEFAULT NULL
) ENGINE=InnoDB DEFAULT CHARSET=utf8mb4 COLLATE=utf8mb4_unicode_ci;

--
-- Dumping data for table `people`
--

INSERT INTO `people` (`id`, `name`, `sex`, `max_health`, `attack`, `defense`, `agility`, `experience`, `gold`, `weapon`, `armor`, `created_at`, `updated_at`) VALUES
(1, 'Konan', 'm', 1235, 120, 85, 50, 3652, 1850, 22, 4, '2022-02-22 08:32:33', '2022-02-22 08:32:33'),
(2, 'Captain America', 'm', 3585, 700, 165, 183, 4979965, 1800, 36, 17, '2022-02-22 08:32:33', '2022-02-22 08:32:33'),
(3, 'Mega Mindy', 'f', 500, 40, 60, 15, 540, 110, 46, 8, '2022-02-22 08:32:33', '2022-02-22 08:32:33'),
(4, 'Catwoman', 'f', 1760, 60, 100, 80, 25700, 1030, 47, 2, '2022-02-22 08:32:33', '2022-02-22 08:32:33'),
(5, 'Buzz Lightyear', 'm', 1530, 185, 160, 60, 6380, 1345, 6, 11, '2022-02-22 08:32:33', '2022-02-22 08:32:33'),
(6, 'Mario', 'm', 420, 24, 28, 27, 697, 160, 16, 7, '2022-02-22 08:32:33', '2022-02-22 08:32:33'),
(7, 'Shrek', 'm', 1360, 70, 68, 30, 14720, 467, 29, 4, '2022-02-22 08:32:33', '2022-02-22 08:32:33'),
(8, 'Dante', 'm', 1370, 93, 74, 112, 3702, 305, 11, 5, '2022-02-22 08:32:33', '2022-02-22 08:32:33'),
(9, 'Zelda', 'f', 2630, 339, 512, 109, 77443, 1925, 30, 15, '2022-02-22 08:32:33', '2022-02-22 08:32:33'),
(10, 'Super MeatBoy', 'm', 250, 5, 8, 2, 205, 32, 26, 1, '2022-02-22 08:32:33', '2022-02-22 08:32:33'),
(11, 'Bowser', 'm', 10000, 400, 100, 80, 500000, 10000, 48, 19, '2022-02-22 08:32:33', '2022-02-22 08:32:33'),
(12, 'Ser Cauthrien', 'f', 22000, 800, 270, 120, 800000, 14000, 49, 20, '2022-02-22 08:32:33', '2022-02-22 08:32:33'),
(13, 'Magician Faust', 'm', 28000, 1500, 325, 100, 1500000, 20000, 50, 21, '2022-02-22 08:32:33', '2022-02-22 08:32:33'),
(14, 'Beelzebub', 'm', 40000, 2500, 610, 40, 2700000, 25000, 51, 22, '2022-02-22 08:32:33', '2022-02-22 08:32:33'),
(15, 'The Demi-Fiend', 'm', 50000, 3800, 800, 100, 5200000, 40000, 52, 23, '2022-02-22 08:32:33', '2022-02-22 08:32:33'),
(16, 'Ryn\'den', 'f', 250, 10, 10, 10, 0, 0, 1, 1, '2022-02-22 08:32:33', '2022-02-22 08:32:33'),
(17, 'Ghas', 'm', 250, 10, 10, 10, 0, 0, 1, 1, '2022-02-22 08:32:33', '2022-02-22 08:32:33'),
(18, 'Torhin', 'f', 250, 10, 10, 10, 0, 0, 1, 1, '2022-02-22 08:32:33', '2022-02-22 08:32:33'),
(19, 'Sliseror', 'm', 250, 10, 10, 10, 0, 0, 1, 1, '2022-02-22 08:32:33', '2022-02-22 08:32:33'),
(20, 'En\'war', 'f', 250, 10, 10, 10, 0, 0, 1, 1, '2022-02-22 08:32:33', '2022-02-22 08:32:33'),
(21, 'Usttaia', 'f', 250, 10, 10, 10, 0, 0, 1, 1, '2022-02-22 08:32:33', '2022-02-22 08:32:33'),
(22, 'Polran', 'm', 250, 10, 10, 10, 0, 0, 1, 1, '2022-02-22 08:32:33', '2022-02-22 08:32:33'),
(23, 'Issrak', 'f', 250, 10, 10, 10, 0, 0, 1, 1, '2022-02-22 08:32:33', '2022-02-22 08:32:33'),
(24, 'Tredrakel', 'f', 250, 10, 10, 10, 0, 0, 1, 1, '2022-02-22 08:32:33', '2022-02-22 08:32:33'),
(25, 'Phoaughough', 'f', 250, 10, 10, 10, 0, 0, 1, 1, '2022-02-22 08:32:33', '2022-02-22 08:32:33'),
(26, 'Urnlor', 'm', 250, 10, 10, 10, 0, 0, 1, 1, '2022-02-22 08:32:33', '2022-02-22 08:32:33'),
(27, 'Ioma', 'm', 250, 10, 10, 10, 0, 0, 1, 1, '2022-02-22 08:32:33', '2022-02-22 08:32:33'),
(28, 'Er-rothon', 'm', 250, 10, 10, 10, 0, 0, 1, 1, '2022-02-22 08:32:33', '2022-02-22 08:32:33'),
(29, 'Samgha', 'm', 250, 10, 10, 10, 0, 0, 1, 1, '2022-02-22 08:32:33', '2022-02-22 08:32:33'),
(30, 'Oldoight', 'm', 250, 10, 10, 10, 0, 0, 1, 1, '2022-02-22 08:32:33', '2022-02-22 08:32:33'),
(31, 'Oughattonosy', 'm', 250, 10, 10, 10, 0, 0, 1, 1, '2022-02-22 08:32:33', '2022-02-22 08:32:33'),
(32, 'Radardtan', 'f', 250, 10, 10, 10, 0, 0, 1, 1, '2022-02-22 08:32:33', '2022-02-22 08:32:33'),
(33, 'Ir\'ech', 'm', 250, 10, 10, 10, 0, 0, 1, 1, '2022-02-22 08:32:33', '2022-02-22 08:32:33'),
(34, 'Ashzos', 'm', 250, 10, 10, 10, 0, 0, 1, 1, '2022-02-22 08:32:33', '2022-02-22 08:32:33'),
(35, 'Nyswhon', 'f', 250, 10, 10, 10, 0, 0, 1, 1, '2022-02-22 08:32:33', '2022-02-22 08:32:33'),
(36, 'Perer', 'f', 250, 10, 10, 10, 0, 0, 1, 1, '2022-02-22 08:32:33', '2022-02-22 08:32:33'),
(37, 'Tonpryn', 'f', 250, 10, 10, 10, 0, 0, 1, 1, '2022-02-22 08:32:33', '2022-02-22 08:32:33'),
(38, 'Chrorad', 'f', 250, 10, 10, 10, 0, 0, 1, 1, '2022-02-22 08:32:33', '2022-02-22 08:32:33'),
(39, 'Deemtor', 'm', 250, 10, 10, 10, 0, 0, 1, 1, '2022-02-22 08:32:33', '2022-02-22 08:32:33'),
(40, 'Ingurn', 'm', 250, 10, 10, 10, 0, 0, 1, 1, '2022-02-22 08:32:33', '2022-02-22 08:32:33'),
(41, 'Luzslor', 'm', 250, 10, 10, 10, 0, 0, 1, 1, '2022-02-22 08:32:33', '2022-02-22 08:32:33'),
(42, 'Burkelem', 'f', 250, 10, 10, 10, 0, 0, 1, 1, '2022-02-22 08:32:33', '2022-02-22 08:32:33'),
(43, 'Chel', 'f', 250, 10, 10, 10, 0, 0, 1, 1, '2022-02-22 08:32:33', '2022-02-22 08:32:33'),
(44, 'Drainatin', 'f', 250, 10, 10, 10, 0, 0, 1, 1, '2022-02-22 08:32:33', '2022-02-22 08:32:33'),
(45, 'Mossay', 'm', 250, 10, 10, 10, 0, 0, 1, 1, '2022-02-22 08:32:33', '2022-02-22 08:32:33'),
(46, 'Nyetlor', 'm', 250, 10, 10, 10, 0, 0, 1, 1, '2022-02-22 08:32:33', '2022-02-22 08:32:33'),
(47, 'Therton', 'm', 250, 10, 10, 10, 0, 0, 1, 1, '2022-02-22 08:32:33', '2022-02-22 08:32:33'),
(48, 'Kotaj', 'f', 250, 10, 10, 10, 0, 0, 1, 1, '2022-02-22 08:32:33', '2022-02-22 08:32:33'),
(49, 'Nimani', 'm', 250, 10, 10, 10, 0, 0, 1, 1, '2022-02-22 08:32:33', '2022-02-22 08:32:33'),
(50, 'Isuske', 'f', 250, 10, 10, 10, 0, 0, 1, 1, '2022-02-22 08:32:33', '2022-02-22 08:32:33'),
(51, 'Ens', 'f', 250, 10, 10, 10, 0, 0, 1, 1, '2022-02-22 08:32:33', '2022-02-22 08:32:33'),
(52, 'Chaquean', 'm', 250, 10, 10, 10, 0, 0, 1, 1, '2022-02-22 08:32:33', '2022-02-22 08:32:33'),
(53, 'Vamlye', 'f', 250, 10, 10, 10, 0, 0, 1, 1, '2022-02-22 08:32:33', '2022-02-22 08:32:33'),
(54, 'Gum', 'f', 250, 10, 10, 10, 0, 0, 1, 1, '2022-02-22 08:32:33', '2022-02-22 08:32:33'),
(55, 'Ris\'ran', 'm', 250, 10, 10, 10, 0, 0, 1, 1, '2022-02-22 08:32:33', '2022-02-22 08:32:33'),
(56, 'Peroust', 'm', 250, 10, 10, 10, 0, 0, 1, 1, '2022-02-22 08:32:33', '2022-02-22 08:32:33'),
(57, 'Enys', 'f', 250, 10, 10, 10, 0, 0, 1, 1, '2022-02-22 08:32:33', '2022-02-22 08:32:33'),
(58, 'Echuf', 'f', 250, 10, 10, 10, 0, 0, 1, 1, '2022-02-22 08:32:33', '2022-02-22 08:32:33'),
(59, 'Liyese', 'm', 250, 10, 10, 10, 0, 0, 1, 1, '2022-02-22 08:32:33', '2022-02-22 08:32:33'),
(60, 'Ach\'ran', 'm', 250, 10, 10, 10, 0, 0, 1, 1, '2022-02-22 08:32:33', '2022-02-22 08:32:33'),
(61, 'Essold', 'm', 250, 10, 10, 10, 0, 0, 1, 1, '2022-02-22 08:32:33', '2022-02-22 08:32:33'),
(62, 'Uema', 'm', 250, 10, 10, 10, 0, 0, 1, 1, '2022-02-22 08:32:33', '2022-02-22 08:32:33'),
(63, 'Xilent', 'f', 250, 10, 10, 10, 0, 0, 1, 1, '2022-02-22 08:32:33', '2022-02-22 08:32:33'),
(64, 'Nallyeo', 'f', 250, 10, 10, 10, 0, 0, 1, 1, '2022-02-22 08:32:33', '2022-02-22 08:32:33'),
(65, 'Undald', 'm', 250, 10, 10, 10, 0, 0, 1, 1, '2022-02-22 08:32:33', '2022-02-22 08:32:33'),
(66, 'Athemis', 'm', 250, 10, 10, 10, 0, 0, 1, 1, '2022-02-22 08:32:33', '2022-02-22 08:32:33'),
(67, 'Awas', 'm', 250, 10, 10, 10, 0, 0, 1, 1, '2022-02-22 08:32:33', '2022-02-22 08:32:33'),
(68, 'Rodskel', 'm', 250, 10, 10, 10, 0, 0, 1, 1, '2022-02-22 08:32:33', '2022-02-22 08:32:33'),
(69, 'Rainadan', 'm', 250, 10, 10, 10, 0, 0, 1, 1, '2022-02-22 08:32:33', '2022-02-22 08:32:33'),
(70, 'Ightalever', 'm', 250, 10, 10, 10, 0, 0, 1, 1, '2022-02-22 08:32:33', '2022-02-22 08:32:33'),
(71, 'Shyz', 'm', 250, 10, 10, 10, 0, 0, 1, 1, '2022-02-22 08:32:33', '2022-02-22 08:32:33'),
(72, 'Entorm', 'm', 250, 10, 10, 10, 0, 0, 1, 1, '2022-02-22 08:32:33', '2022-02-22 08:32:33'),
(73, 'Ina\'vor\'oph', 'm', 250, 10, 10, 10, 0, 0, 1, 1, '2022-02-22 08:32:33', '2022-02-22 08:32:33'),
(74, 'Vernn', 'm', 250, 10, 10, 10, 0, 0, 1, 1, '2022-02-22 08:32:33', '2022-02-22 08:32:33'),
(75, 'Tedar', 'f', 250, 10, 10, 10, 0, 0, 1, 1, '2022-02-22 08:32:33', '2022-02-22 08:32:33'),
(76, 'Umedyn', 'm', 250, 10, 10, 10, 0, 0, 1, 1, '2022-02-22 08:32:33', '2022-02-22 08:32:33'),
(77, 'Nahuz', 'm', 250, 10, 10, 10, 0, 0, 1, 1, '2022-02-22 08:32:33', '2022-02-22 08:32:33'),
(78, 'Andril', 'f', 250, 10, 10, 10, 0, 0, 1, 1, '2022-02-22 08:32:33', '2022-02-22 08:32:33'),
(79, 'Kalskel', 'f', 250, 10, 10, 10, 0, 0, 1, 1, '2022-02-22 08:32:33', '2022-02-22 08:32:33'),
(80, 'Sulthin', 'm', 250, 10, 10, 10, 0, 0, 1, 1, '2022-02-22 08:32:33', '2022-02-22 08:32:33'),
(81, 'Tais', 'm', 250, 10, 10, 10, 0, 0, 1, 1, '2022-02-22 08:32:33', '2022-02-22 08:32:33'),
(82, 'Tidtan', 'm', 250, 10, 10, 10, 0, 0, 1, 1, '2022-02-22 08:32:33', '2022-02-22 08:32:33'),
(83, 'Uinea', 'm', 250, 10, 10, 10, 0, 0, 1, 1, '2022-02-22 08:32:33', '2022-02-22 08:32:33'),
(84, 'Schehin', 'f', 250, 10, 10, 10, 0, 0, 1, 1, '2022-02-22 08:32:33', '2022-02-22 08:32:33'),
(85, 'Roth\'gha', 'm', 250, 10, 10, 10, 0, 0, 1, 1, '2022-02-22 08:32:33', '2022-02-22 08:32:33'),
(86, 'Hatck', 'm', 250, 10, 10, 10, 0, 0, 1, 1, '2022-02-22 08:32:33', '2022-02-22 08:32:33'),
(87, 'Errhat', 'f', 250, 10, 10, 10, 0, 0, 1, 1, '2022-02-22 08:32:33', '2022-02-22 08:32:33'),
(88, 'Onck', 'f', 250, 10, 10, 10, 0, 0, 1, 1, '2022-02-22 08:32:33', '2022-02-22 08:32:33'),
(89, 'Awoldo', 'f', 250, 10, 10, 10, 0, 0, 1, 1, '2022-02-22 08:32:33', '2022-02-22 08:32:33'),
(90, 'Yidini', 'm', 250, 10, 10, 10, 0, 0, 1, 1, '2022-02-22 08:32:33', '2022-02-22 08:32:33'),
(91, 'Lyerak', 'm', 250, 10, 10, 10, 0, 0, 1, 1, '2022-02-22 08:32:33', '2022-02-22 08:32:33'),
(92, 'Boek', 'm', 250, 10, 10, 10, 0, 0, 1, 1, '2022-02-22 08:32:33', '2022-02-22 08:32:33'),
(93, 'Ildsul', 'f', 250, 10, 10, 10, 0, 0, 1, 1, '2022-02-22 08:32:33', '2022-02-22 08:32:33'),
(94, 'Blen', 'f', 250, 10, 10, 10, 0, 0, 1, 1, '2022-02-22 08:32:33', '2022-02-22 08:32:33'),
(95, 'Emm', 'f', 250, 10, 10, 10, 0, 0, 1, 1, '2022-02-22 08:32:33', '2022-02-22 08:32:33'),
(96, 'Samran', 'm', 250, 10, 10, 10, 0, 0, 1, 1, '2022-02-22 08:32:33', '2022-02-22 08:32:33'),
(97, 'Sulightust', 'm', 250, 10, 10, 10, 0, 0, 1, 1, '2022-02-22 08:32:33', '2022-02-22 08:32:33'),
(98, 'Banor', 'm', 250, 10, 10, 10, 0, 0, 1, 1, '2022-02-22 08:32:33', '2022-02-22 08:32:33'),
(99, 'Ineust', 'm', 250, 10, 10, 10, 0, 0, 1, 1, '2022-02-22 08:32:33', '2022-02-22 08:32:33'),
(100, 'Ad\'hat', 'm', 250, 10, 10, 10, 0, 0, 1, 1, '2022-02-22 08:32:33', '2022-02-22 08:32:33'),
(101, 'Tassul', 'f', 250, 10, 10, 10, 0, 0, 1, 1, '2022-02-22 08:32:33', '2022-02-22 08:32:33'),
(102, 'Eltasi', 'm', 250, 10, 10, 10, 0, 0, 1, 1, '2022-02-22 08:32:33', '2022-02-22 08:32:33'),
(103, 'Lorrodque', 'm', 250, 10, 10, 10, 0, 0, 1, 1, '2022-02-22 08:32:33', '2022-02-22 08:32:33'),
(104, 'Peus', 'm', 250, 10, 10, 10, 0, 0, 1, 1, '2022-02-22 08:32:33', '2022-02-22 08:32:33'),
(105, 'Seel', 'f', 250, 10, 10, 10, 0, 0, 1, 1, '2022-02-22 08:32:33', '2022-02-22 08:32:33'),
(106, 'Riltur', 'f', 250, 10, 10, 10, 0, 0, 1, 1, '2022-02-22 08:32:33', '2022-02-22 08:32:33'),
(107, 'Eldtur', 'm', 250, 10, 10, 10, 0, 0, 1, 1, '2022-02-22 08:32:33', '2022-02-22 08:32:33'),
(108, 'Enth\'ati', 'f', 250, 10, 10, 10, 0, 0, 1, 1, '2022-02-22 08:32:33', '2022-02-22 08:32:33'),
(109, 'Cheiahon', 'f', 250, 10, 10, 10, 0, 0, 1, 1, '2022-02-22 08:32:33', '2022-02-22 08:32:33'),
(110, 'Hatackvesackos', 'm', 250, 10, 10, 10, 0, 0, 1, 1, '2022-02-22 08:32:33', '2022-02-22 08:32:33'),
(111, 'Shyvor', 'f', 250, 10, 10, 10, 0, 0, 1, 1, '2022-02-22 08:32:33', '2022-02-22 08:32:33'),
(112, 'Slias', 'f', 250, 10, 10, 10, 0, 0, 1, 1, '2022-02-22 08:32:33', '2022-02-22 08:32:33'),
(113, 'Hiy', 'm', 250, 10, 10, 10, 0, 0, 1, 1, '2022-02-22 08:32:33', '2022-02-22 08:32:33'),
(114, 'Ackurn', 'm', 250, 10, 10, 10, 0, 0, 1, 1, '2022-02-22 08:32:33', '2022-02-22 08:32:33'),
(115, 'Dared-ild', 'm', 250, 10, 10, 10, 0, 0, 1, 1, '2022-02-22 08:32:33', '2022-02-22 08:32:33'),
(116, 'Mukovo', 'm', 250, 10, 10, 10, 0, 0, 1, 1, '2022-02-22 08:32:33', '2022-02-22 08:32:33'),
(117, 'As\'ingy', 'f', 250, 10, 10, 10, 0, 0, 1, 1, '2022-02-22 08:32:33', '2022-02-22 08:32:33'),
(118, 'L\'mosler', 'm', 250, 10, 10, 10, 0, 0, 1, 1, '2022-02-22 08:32:33', '2022-02-22 08:32:33'),
(119, 'Kinunt', 'f', 250, 10, 10, 10, 0, 0, 1, 1, '2022-02-22 08:32:33', '2022-02-22 08:32:33'),
(120, 'Oira', 'f', 250, 10, 10, 10, 0, 0, 1, 1, '2022-02-22 08:32:33', '2022-02-22 08:32:33'),
(121, 'Cer\'ing', 'f', 250, 10, 10, 10, 0, 0, 1, 1, '2022-02-22 08:32:33', '2022-02-22 08:32:33'),
(122, 'Ightyril', 'f', 250, 10, 10, 10, 0, 0, 1, 1, '2022-02-22 08:32:33', '2022-02-22 08:32:33'),
(123, 'Stusmor', 'f', 250, 10, 10, 10, 0, 0, 1, 1, '2022-02-22 08:32:33', '2022-02-22 08:32:33'),
(124, 'Aseyt', 'm', 250, 10, 10, 10, 0, 0, 1, 1, '2022-02-22 08:32:33', '2022-02-22 08:32:33'),
(125, 'Anyso', 'm', 250, 10, 10, 10, 0, 0, 1, 1, '2022-02-22 08:32:33', '2022-02-22 08:32:33'),
(126, 'Tic', 'm', 250, 10, 10, 10, 0, 0, 1, 1, '2022-02-22 08:32:33', '2022-02-22 08:32:33'),
(127, 'Belbel', 'm', 250, 10, 10, 10, 0, 0, 1, 1, '2022-02-22 08:32:33', '2022-02-22 08:32:33'),
(128, 'Rodkal', 'f', 250, 10, 10, 10, 0, 0, 1, 1, '2022-02-22 08:32:33', '2022-02-22 08:32:33'),
(129, 'Iatas', 'f', 250, 10, 10, 10, 0, 0, 1, 1, '2022-02-22 08:32:33', '2022-02-22 08:32:33'),
(130, 'Emhata', 'f', 250, 10, 10, 10, 0, 0, 1, 1, '2022-02-22 08:32:33', '2022-02-22 08:32:33'),
(131, 'Raks', 'm', 250, 10, 10, 10, 0, 0, 1, 1, '2022-02-22 08:32:33', '2022-02-22 08:32:33'),
(132, 'Eseise', 'm', 250, 10, 10, 10, 0, 0, 1, 1, '2022-02-22 08:32:33', '2022-02-22 08:32:33'),
(133, 'Raninasam', 'm', 250, 10, 10, 10, 0, 0, 1, 1, '2022-02-22 08:32:33', '2022-02-22 08:32:33'),
(134, 'It\'lyea', 'f', 250, 10, 10, 10, 0, 0, 1, 1, '2022-02-22 08:32:33', '2022-02-22 08:32:33'),
(135, 'Ittinat', 'f', 250, 10, 10, 10, 0, 0, 1, 1, '2022-02-22 08:32:33', '2022-02-22 08:32:33'),
(136, 'Omath', 'm', 250, 10, 10, 10, 0, 0, 1, 1, '2022-02-22 08:32:33', '2022-02-22 08:32:33'),
(137, 'Enjunt', 'f', 250, 10, 10, 10, 0, 0, 1, 1, '2022-02-22 08:32:33', '2022-02-22 08:32:33'),
(138, 'Thitwar', 'f', 250, 10, 10, 10, 0, 0, 1, 1, '2022-02-22 08:32:33', '2022-02-22 08:32:33'),
(139, 'Sniqua', 'm', 250, 10, 10, 10, 0, 0, 1, 1, '2022-02-22 08:32:33', '2022-02-22 08:32:33'),
(140, 'Kellye', 'f', 250, 10, 10, 10, 0, 0, 1, 1, '2022-02-22 08:32:33', '2022-02-22 08:32:33'),
(141, 'Sayul', 'm', 250, 10, 10, 10, 0, 0, 1, 1, '2022-02-22 08:32:33', '2022-02-22 08:32:33'),
(142, 'Vorlersam', 'f', 250, 10, 10, 10, 0, 0, 1, 1, '2022-02-22 08:32:33', '2022-02-22 08:32:33'),
(143, 'Sam\'alei', 'm', 250, 10, 10, 10, 0, 0, 1, 1, '2022-02-22 08:32:33', '2022-02-22 08:32:33'),
(144, 'Rak\'om\'ead', 'm', 250, 10, 10, 10, 0, 0, 1, 1, '2022-02-22 08:32:33', '2022-02-22 08:32:33'),
(145, 'Skel\'quea', 'm', 250, 10, 10, 10, 0, 0, 1, 1, '2022-02-22 08:32:33', '2022-02-22 08:32:33'),
(146, 'Seysash', 'm', 250, 10, 10, 10, 0, 0, 1, 1, '2022-02-22 08:32:33', '2022-02-22 08:32:33'),
(147, 'Zodovo', 'm', 250, 10, 10, 10, 0, 0, 1, 1, '2022-02-22 08:32:33', '2022-02-22 08:32:33'),
(148, 'Unddarash', 'f', 250, 10, 10, 10, 0, 0, 1, 1, '2022-02-22 08:32:33', '2022-02-22 08:32:33'),
(149, 'Zhap', 'm', 250, 10, 10, 10, 0, 0, 1, 1, '2022-02-22 08:32:33', '2022-02-22 08:32:33'),
(150, 'Cerrad', 'm', 250, 10, 10, 10, 0, 0, 1, 1, '2022-02-22 08:32:33', '2022-02-22 08:32:33'),
(151, 'Hiemkim', 'f', 250, 10, 10, 10, 0, 0, 1, 1, '2022-02-22 08:32:33', '2022-02-22 08:32:33'),
(152, 'Nalelm', 'f', 250, 10, 10, 10, 0, 0, 1, 1, '2022-02-22 08:32:33', '2022-02-22 08:32:33'),
(153, 'Y\'taiough', 'm', 250, 10, 10, 10, 0, 0, 1, 1, '2022-02-22 08:32:33', '2022-02-22 08:32:33'),
(154, 'Ealea', 'm', 250, 10, 10, 10, 0, 0, 1, 1, '2022-02-22 08:32:33', '2022-02-22 08:32:33'),
(155, 'Etk', 'f', 250, 10, 10, 10, 0, 0, 1, 1, '2022-02-22 08:32:33', '2022-02-22 08:32:33'),
(156, 'Cheal', 'm', 250, 10, 10, 10, 0, 0, 1, 1, '2022-02-22 08:32:33', '2022-02-22 08:32:33'),
(157, 'Estina', 'm', 250, 10, 10, 10, 0, 0, 1, 1, '2022-02-22 08:32:33', '2022-02-22 08:32:33'),
(158, 'Gyves', 'm', 250, 10, 10, 10, 0, 0, 1, 1, '2022-02-22 08:32:33', '2022-02-22 08:32:33'),
(159, 'Kelbur', 'm', 250, 10, 10, 10, 0, 0, 1, 1, '2022-02-22 08:32:33', '2022-02-22 08:32:33'),
(160, 'E\'naliss', 'f', 250, 10, 10, 10, 0, 0, 1, 1, '2022-02-22 08:32:33', '2022-02-22 08:32:33'),
(161, 'Oeny', 'f', 250, 10, 10, 10, 0, 0, 1, 1, '2022-02-22 08:32:33', '2022-02-22 08:32:33'),
(162, 'Modraris', 'm', 250, 10, 10, 10, 0, 0, 1, 1, '2022-02-22 08:32:33', '2022-02-22 08:32:33'),
(163, 'Elmuk', 'f', 250, 10, 10, 10, 0, 0, 1, 1, '2022-02-22 08:32:33', '2022-02-22 08:32:33'),
(164, 'Myf', 'm', 250, 10, 10, 10, 0, 0, 1, 1, '2022-02-22 08:32:33', '2022-02-22 08:32:33'),
(165, 'Lobih', 'f', 250, 10, 10, 10, 0, 0, 1, 1, '2022-02-22 08:32:33', '2022-02-22 08:32:33'),
(166, 'Estuos', 'f', 250, 10, 10, 10, 0, 0, 1, 1, '2022-02-22 08:32:33', '2022-02-22 08:32:33'),
(167, 'Bexym', 'm', 250, 10, 10, 10, 0, 0, 1, 1, '2022-02-22 08:32:33', '2022-02-22 08:32:33'),
(168, 'Awpage', 'm', 250, 10, 10, 10, 0, 0, 1, 1, '2022-02-22 08:32:33', '2022-02-22 08:32:33'),
(169, 'Yineu', 'f', 250, 10, 10, 10, 0, 0, 1, 1, '2022-02-22 08:32:33', '2022-02-22 08:32:33'),
(170, 'Ler\'rake', 'm', 250, 10, 10, 10, 0, 0, 1, 1, '2022-02-22 08:32:33', '2022-02-22 08:32:33'),
(171, 'Ton\'any', 'f', 250, 10, 10, 10, 0, 0, 1, 1, '2022-02-22 08:32:33', '2022-02-22 08:32:33'),
(172, 'Rynz', 'f', 250, 10, 10, 10, 0, 0, 1, 1, '2022-02-22 08:32:33', '2022-02-22 08:32:33'),
(173, 'Detinine', 'f', 250, 10, 10, 10, 0, 0, 1, 1, '2022-02-22 08:32:33', '2022-02-22 08:32:33'),
(174, 'Beleia', 'f', 250, 10, 10, 10, 0, 0, 1, 1, '2022-02-22 08:32:33', '2022-02-22 08:32:33'),
(175, 'Mirotug', 'm', 250, 10, 10, 10, 0, 0, 1, 1, '2022-02-22 08:32:33', '2022-02-22 08:32:33'),
(176, 'Streyt', 'f', 250, 10, 10, 10, 0, 0, 1, 1, '2022-02-22 08:32:33', '2022-02-22 08:32:33'),
(177, 'Lomada', 'm', 250, 10, 10, 10, 0, 0, 1, 1, '2022-02-22 08:32:33', '2022-02-22 08:32:33'),
(178, 'Ineald', 'f', 250, 10, 10, 10, 0, 0, 1, 1, '2022-02-22 08:32:33', '2022-02-22 08:32:33'),
(179, 'Wor\'pero', 'f', 250, 10, 10, 10, 0, 0, 1, 1, '2022-02-22 08:32:33', '2022-02-22 08:32:33'),
(180, 'Zeskel', 'm', 250, 10, 10, 10, 0, 0, 1, 1, '2022-02-22 08:32:33', '2022-02-22 08:32:33'),
(181, 'Naeg', 'f', 250, 10, 10, 10, 0, 0, 1, 1, '2022-02-22 08:32:33', '2022-02-22 08:32:33'),
(182, 'Irchee', 'f', 250, 10, 10, 10, 0, 0, 1, 1, '2022-02-22 08:32:33', '2022-02-22 08:32:33'),
(183, 'Whuik', 'm', 250, 10, 10, 10, 0, 0, 1, 1, '2022-02-22 08:32:33', '2022-02-22 08:32:33'),
(184, 'Rois', 'f', 250, 10, 10, 10, 0, 0, 1, 1, '2022-02-22 08:32:33', '2022-02-22 08:32:33'),
(185, 'Omeng', 'm', 250, 10, 10, 10, 0, 0, 1, 1, '2022-02-22 08:32:33', '2022-02-22 08:32:33'),
(186, 'Xosuny', 'f', 250, 10, 10, 10, 0, 0, 1, 1, '2022-02-22 08:32:33', '2022-02-22 08:32:33'),
(187, 'Polrd', 'm', 250, 10, 10, 10, 0, 0, 1, 1, '2022-02-22 08:32:33', '2022-02-22 08:32:33'),
(188, 'Bofege', 'm', 250, 10, 10, 10, 0, 0, 1, 1, '2022-02-22 08:32:33', '2022-02-22 08:32:33'),
(189, 'Rillcha', 'f', 250, 10, 10, 10, 0, 0, 1, 1, '2022-02-22 08:32:33', '2022-02-22 08:32:33'),
(190, 'Enad', 'm', 250, 10, 10, 10, 0, 0, 1, 1, '2022-02-22 08:32:33', '2022-02-22 08:32:33'),
(191, 'Ormny', 'm', 250, 10, 10, 10, 0, 0, 1, 1, '2022-02-22 08:32:33', '2022-02-22 08:32:33'),
(192, 'Athikim', 'm', 250, 10, 10, 10, 0, 0, 1, 1, '2022-02-22 08:32:33', '2022-02-22 08:32:33'),
(193, 'Aldion', 'm', 250, 10, 10, 10, 0, 0, 1, 1, '2022-02-22 08:32:33', '2022-02-22 08:32:33'),
(194, 'Perqueash', 'm', 250, 10, 10, 10, 0, 0, 1, 1, '2022-02-22 08:32:33', '2022-02-22 08:32:33'),
(195, 'Therengwar', 'f', 250, 10, 10, 10, 0, 0, 1, 1, '2022-02-22 08:32:33', '2022-02-22 08:32:33'),
(196, 'Athen', 'f', 250, 10, 10, 10, 0, 0, 1, 1, '2022-02-22 08:32:33', '2022-02-22 08:32:33'),
(197, 'Fytas', 'm', 250, 10, 10, 10, 0, 0, 1, 1, '2022-02-22 08:32:33', '2022-02-22 08:32:33'),
(198, 'Skel\'um', 'f', 250, 10, 10, 10, 0, 0, 1, 1, '2022-02-22 08:32:33', '2022-02-22 08:32:33'),
(199, 'Ryimtan', 'm', 250, 10, 10, 10, 0, 0, 1, 1, '2022-02-22 08:32:33', '2022-02-22 08:32:33'),
(200, 'Ustur', 'm', 250, 10, 10, 10, 0, 0, 1, 1, '2022-02-22 08:32:33', '2022-02-22 08:32:33'),
(201, 'Ranexi', 'm', 250, 10, 10, 10, 0, 0, 1, 1, '2022-02-22 08:32:33', '2022-02-22 08:32:33'),
(202, 'Quigh', 'm', 250, 10, 10, 10, 0, 0, 1, 1, '2022-02-22 08:32:33', '2022-02-22 08:32:33'),
(203, 'Vesest', 'f', 250, 10, 10, 10, 0, 0, 1, 1, '2022-02-22 08:32:33', '2022-02-22 08:32:33'),
(204, 'Snalko', 'm', 250, 10, 10, 10, 0, 0, 1, 1, '2022-02-22 08:32:33', '2022-02-22 08:32:33');

-- --------------------------------------------------------

--
-- Table structure for table `quests`
--

CREATE TABLE `quests` (
  `id` bigint(20) UNSIGNED NOT NULL,
  `title` varchar(255) COLLATE utf8mb4_unicode_ci NOT NULL,
  `experience` int(11) NOT NULL,
  `gold` int(11) NOT NULL,
  `publisher` int(10) UNSIGNED NOT NULL,
  `holder` int(11) NOT NULL,
  `created_at` timestamp NULL DEFAULT NULL,
  `updated_at` timestamp NULL DEFAULT NULL
) ENGINE=InnoDB DEFAULT CHARSET=utf8mb4 COLLATE=utf8mb4_unicode_ci;

--
-- Dumping data for table `quests`
--

INSERT INTO `quests` (`id`, `title`, `experience`, `gold`, `publisher`, `holder`, `created_at`, `updated_at`) VALUES
(1, 'Find my shoe!', 300, 20, 132, 0, '2022-02-22 08:32:34', '2022-02-22 08:32:34'),
(2, 'Sheepie number 9', 420, 10, 134, 0, '2022-02-22 08:32:34', '2022-02-22 08:32:34'),
(3, 'Materials for a wheelchair', 350, 40, 137, 0, '2022-02-22 08:32:34', '2022-02-22 08:32:34'),
(4, 'Prove your strength!', 500, 50, 138, 0, '2022-02-22 08:32:34', '2022-02-22 08:32:34'),
(5, 'Find the Imp who stole my sword', 490, 30, 139, 0, '2022-02-22 08:32:34', '2022-02-22 08:32:34'),
(6, 'Free the chicken', 290, 15, 142, 0, '2022-02-22 08:32:34', '2022-02-22 08:32:34'),
(7, 'Football with a severed head', 510, 22, 143, 0, '2022-02-22 08:32:34', '2022-02-22 08:32:34'),
(8, 'Worm eating contest', 480, 100, 144, 0, '2022-02-22 08:32:34', '2022-02-22 08:32:34'),
(9, 'Kill my mother in law', 350, 150, 146, 0, '2022-02-22 08:32:34', '2022-02-22 08:32:34'),
(10, 'Collect food for my brother', 450, 30, 147, 0, '2022-02-22 08:32:34', '2022-02-22 08:32:34'),
(11, 'Where did he go?', 800, 65, 149, 0, '2022-02-22 08:32:34', '2022-02-22 08:32:34'),
(12, 'Walking dead', 720, 43, 151, 0, '2022-02-22 08:32:34', '2022-02-22 08:32:34'),
(13, 'My love for him...', 550, 80, 152, 0, '2022-02-22 08:32:34', '2022-02-22 08:32:34'),
(14, 'The wise old Turtle', 970, 120, 154, 0, '2022-02-22 08:32:34', '2022-02-22 08:32:34'),
(15, 'Collect the diamonds', 1100, 60, 158, 0, '2022-02-22 08:32:34', '2022-02-22 08:32:34'),
(16, 'Travel to Sempre City in Sempre', 965, 86, 159, 0, '2022-02-22 08:32:34', '2022-02-22 08:32:34'),
(17, 'Kotaj is missing', 960, 180, 162, 0, '2022-02-22 08:32:34', '2022-02-22 08:32:34'),
(18, 'Get your ride', 480, 60, 165, 0, '2022-02-22 08:32:34', '2022-02-22 08:32:34'),
(19, 'He has a mustache, kill him!', 1500, 250, 167, 0, '2022-02-22 08:32:34', '2022-02-22 08:32:34'),
(20, 'Do you like appels?', 1220, 170, 169, 0, '2022-02-22 08:32:34', '2022-02-22 08:32:34'),
(21, 'So you are alone?', 1125, 230, 171, 0, '2022-02-22 08:32:34', '2022-02-22 08:32:34'),
(22, 'It\'s a joke', 680, 270, 172, 0, '2022-02-22 08:32:34', '2022-02-22 08:32:34'),
(23, 'His wolf must die!', 1600, 325, 175, 0, '2022-02-22 08:32:34', '2022-02-22 08:32:34'),
(24, 'Destroy the tower', 1700, 400, 177, 2, '2022-02-22 08:32:34', '2022-02-22 08:32:34'),
(25, 'Go to Fjitsur', 725, 200, 179, 0, '2022-02-22 08:32:34', '2022-02-22 08:32:34'),
(26, 'Find the smurfs!', 1300, 500, 181, 0, '2022-02-22 08:32:34', '2022-02-22 08:32:34'),
(27, 'Kill the Green Dragon', 2500, 1000, 187, 0, '2022-02-22 08:32:34', '2022-02-22 08:32:34'),
(28, 'Kill the Queen!', 2500, 1000, 194, 0, '2022-02-22 08:32:34', '2022-02-22 08:32:34'),
(29, 'There he goes', 1875, 700, 49, 0, '2022-02-22 08:32:34', '2022-02-22 08:32:34'),
(30, 'Another godless man', 1620, 620, 51, 0, '2022-02-22 08:32:34', '2022-02-22 08:32:34'),
(31, 'Fix the boat', 1235, 545, 53, 0, '2022-02-22 08:32:34', '2022-02-22 08:32:34'),
(32, 'You find my wallet?', 950, 615, 54, 0, '2022-02-22 08:32:34', '2022-02-22 08:32:34'),
(33, 'The golden hammer', 1940, 230, 55, 0, '2022-02-22 08:32:34', '2022-02-22 08:32:34'),
(34, 'Me love shinies!', 1745, 450, 58, 0, '2022-02-22 08:32:34', '2022-02-22 08:32:34'),
(35, 'Give me his eyes', 1460, 385, 60, 0, '2022-02-22 08:32:34', '2022-02-22 08:32:34'),
(36, 'Away with the peace', 3000, 1200, 68, 0, '2022-02-22 08:32:34', '2022-02-22 08:32:34'),
(37, 'He\'s shitting on my porch', 2200, 400, 70, 5, '2022-02-22 08:32:34', '2022-02-22 08:32:34'),
(38, 'Delicious soup', 1950, 300, 72, 0, '2022-02-22 08:32:34', '2022-02-22 08:32:34'),
(39, 'More, more, more!', 1500, 750, 73, 0, '2022-02-22 08:32:34', '2022-02-22 08:32:34'),
(40, 'Total carnage', 2650, 975, 75, 0, '2022-02-22 08:32:34', '2022-02-22 08:32:34'),
(41, 'Annihilate that sucker!', 3500, 2000, 82, 0, '2022-02-22 08:32:34', '2022-02-22 08:32:34'),
(42, 'So, you think you can dance?', 950, 750, 11, 0, '2022-02-22 08:32:34', '2022-02-22 08:32:34'),
(43, 'The voice of Knael', 950, 750, 12, 0, '2022-02-22 08:32:34', '2022-02-22 08:32:34'),
(44, 'The dark pit', 2250, 820, 14, 0, '2022-02-22 08:32:34', '2022-02-22 08:32:34'),
(45, 'Where is the sun?', 2300, 780, 16, 0, '2022-02-22 08:32:34', '2022-02-22 08:32:34'),
(46, 'My neighbour likes other women', 1800, 900, 18, 0, '2022-02-22 08:32:34', '2022-02-22 08:32:34'),
(47, 'How much is not the question', 500, 2500, 21, 0, '2022-02-22 08:32:34', '2022-02-22 08:32:34'),
(48, 'I saw it all', 1950, 450, 24, 0, '2022-02-22 08:32:34', '2022-02-22 08:32:34'),
(49, 'Kill that wrench', 1850, 1500, 24, 0, '2022-02-22 08:32:34', '2022-02-22 08:32:34'),
(50, 'Hail the paper boy!', 1250, 800, 28, 0, '2022-02-22 08:32:34', '2022-02-22 08:32:34'),
(51, 'So I did', 1600, 700, 34, 0, '2022-02-22 08:32:34', '2022-02-22 08:32:34'),
(52, 'I want chocolate!', 2100, 800, 36, 0, '2022-02-22 08:32:34', '2022-02-22 08:32:34'),
(53, 'He has forest weed', 2350, 950, 38, 0, '2022-02-22 08:32:34', '2022-02-22 08:32:34'),
(54, 'The paper boy is back', 2200, 1200, 40, 0, '2022-02-22 08:32:34', '2022-02-22 08:32:34'),
(55, 'That fat sucker is gone', 2350, 1200, 45, 0, '2022-02-22 08:32:34', '2022-02-22 08:32:34'),
(56, 'Found him, kill him!', 4500, 2500, 47, 0, '2022-02-22 08:32:34', '2022-02-22 08:32:34'),
(57, 'The lost search', 2590, 0, 84, 0, '2022-02-22 08:32:34', '2022-02-22 08:32:34'),
(58, 'Turtle killer', 3500, 750, 88, 0, '2022-02-22 08:32:34', '2022-02-22 08:32:34'),
(59, 'Why? Because!', 3200, 450, 91, 0, '2022-02-22 08:32:34', '2022-02-22 08:32:34'),
(60, 'For all the evil', 3100, 1650, 94, 0, '2022-02-22 08:32:34', '2022-02-22 08:32:34'),
(61, 'My last meal', 2850, 1975, 96, 0, '2022-02-22 08:32:34', '2022-02-22 08:32:34'),
(62, 'Yo mama!', 3650, 2130, 98, 0, '2022-02-22 08:32:34', '2022-02-22 08:32:34'),
(63, 'Yo daddy!', 3650, 2130, 102, 0, '2022-02-22 08:32:34', '2022-02-22 08:32:34'),
(64, 'I was born too early', 3475, 2540, 104, 0, '2022-02-22 08:32:34', '2022-02-22 08:32:34'),
(65, 'The cave is destroyed', 3280, 1480, 105, 0, '2022-02-22 08:32:34', '2022-02-22 08:32:34'),
(66, 'It was a Behemoth!', 3640, 2450, 105, 0, '2022-02-22 08:32:34', '2022-02-22 08:32:34'),
(67, 'Damn this region!', 3850, 1850, 109, 0, '2022-02-22 08:32:34', '2022-02-22 08:32:34'),
(68, 'One more strike', 4000, 3000, 117, 0, '2022-02-22 08:32:34', '2022-02-22 08:32:34'),
(69, 'A dark land', 3950, 1200, 118, 0, '2022-02-22 08:32:34', '2022-02-22 08:32:34'),
(70, 'The Demi-Fiend is the boss here', 3500, 1350, 120, 0, '2022-02-22 08:32:34', '2022-02-22 08:32:34'),
(71, 'Screaming from Yester', 1250, 500, 123, 0, '2022-02-22 08:32:34', '2022-02-22 08:32:34'),
(72, 'Persue the villagers', 4000, 2500, 130, 0, '2022-02-22 08:32:34', '2022-02-22 08:32:34'),
(73, 'Be the hero!', 8000, 5000, 131, 0, '2022-02-22 08:32:34', '2022-02-22 08:32:34');

-- --------------------------------------------------------

--
-- Table structure for table `regions`
--

CREATE TABLE `regions` (
  `id` bigint(20) UNSIGNED NOT NULL,
  `name` varchar(255) COLLATE utf8mb4_unicode_ci NOT NULL,
  `holder` int(11) NOT NULL,
  `created_at` timestamp NULL DEFAULT NULL,
  `updated_at` timestamp NULL DEFAULT NULL
) ENGINE=InnoDB DEFAULT CHARSET=utf8mb4 COLLATE=utf8mb4_unicode_ci;

--
-- Dumping data for table `regions`
--

INSERT INTO `regions` (`id`, `name`, `holder`, `created_at`, `updated_at`) VALUES
(1, 'Gursoy Island', 14, '2022-02-22 08:32:34', '2022-02-22 08:32:34'),
(2, 'Sempre', 13, '2022-02-22 08:32:34', '2022-02-22 08:32:34'),
(3, 'South Groval', 15, '2022-02-22 08:32:34', '2022-02-22 08:32:34'),
(4, 'North Groval', 11, '2022-02-22 08:32:34', '2022-02-22 08:32:34'),
(5, 'Breach', 12, '2022-02-22 08:32:34', '2022-02-22 08:32:34');

-- --------------------------------------------------------

--
-- Table structure for table `users`
--

CREATE TABLE `users` (
  `id` bigint(20) UNSIGNED NOT NULL,
  `name` varchar(255) COLLATE utf8mb4_unicode_ci NOT NULL,
  `email` varchar(255) COLLATE utf8mb4_unicode_ci NOT NULL,
  `email_verified_at` timestamp NULL DEFAULT NULL,
  `password` varchar(255) COLLATE utf8mb4_unicode_ci NOT NULL,
  `remember_token` varchar(100) COLLATE utf8mb4_unicode_ci DEFAULT NULL,
  `created_at` timestamp NULL DEFAULT NULL,
  `updated_at` timestamp NULL DEFAULT NULL
) ENGINE=InnoDB DEFAULT CHARSET=utf8mb4 COLLATE=utf8mb4_unicode_ci;

-- --------------------------------------------------------

--
-- Table structure for table `weapons`
--

CREATE TABLE `weapons` (
  `id` bigint(20) UNSIGNED NOT NULL,
  `name` varchar(255) COLLATE utf8mb4_unicode_ci NOT NULL,
  `price` int(11) NOT NULL,
  `attack` int(11) NOT NULL,
  `created_at` timestamp NULL DEFAULT NULL,
  `updated_at` timestamp NULL DEFAULT NULL
) ENGINE=InnoDB DEFAULT CHARSET=utf8mb4 COLLATE=utf8mb4_unicode_ci;

--
-- Dumping data for table `weapons`
--

INSERT INTO `weapons` (`id`, `name`, `price`, `attack`, `created_at`, `updated_at`) VALUES
(1, 'Dirk', 10, 100, '2022-02-22 08:32:34', '2022-02-22 08:32:34'),
(2, 'Poniard', 15, 150, '2022-02-22 08:32:34', '2022-02-22 08:32:34'),
(3, 'Rondel', 28, 200, '2022-02-22 08:32:34', '2022-02-22 08:32:34'),
(4, 'Dagger', 50, 250, '2022-02-22 08:32:34', '2022-02-22 08:32:34'),
(5, 'Anelace', 70, 300, '2022-02-22 08:32:34', '2022-02-22 08:32:34'),
(6, 'Baselard', 110, 425, '2022-02-22 08:32:34', '2022-02-22 08:32:34'),
(7, 'Cinquedea', 130, 450, '2022-02-22 08:32:34', '2022-02-22 08:32:34'),
(8, 'Stiletto', 150, 500, '2022-02-22 08:32:34', '2022-02-22 08:32:34'),
(9, 'Machete', 300, 725, '2022-02-22 08:32:34', '2022-02-22 08:32:34'),
(10, 'Katara', 550, 925, '2022-02-22 08:32:34', '2022-02-22 08:32:34'),
(11, 'Shortsword', 300, 700, '2022-02-22 08:32:34', '2022-02-22 08:32:34'),
(12, 'Falchion', 320, 755, '2022-02-22 08:32:34', '2022-02-22 08:32:34'),
(13, 'Flamberge', 430, 875, '2022-02-22 08:32:34', '2022-02-22 08:32:34'),
(14, 'Cutlass', 620, 1180, '2022-02-22 08:32:34', '2022-02-22 08:32:34'),
(15, 'Spatha', 735, 1400, '2022-02-22 08:32:34', '2022-02-22 08:32:34'),
(16, 'Rapier', 965, 1770, '2022-02-22 08:32:34', '2022-02-22 08:32:34'),
(17, 'Claymore', 1000, 1950, '2022-02-22 08:32:34', '2022-02-22 08:32:34'),
(18, 'Sabre', 1175, 2115, '2022-02-22 08:32:34', '2022-02-22 08:32:34'),
(19, 'Broadsword', 1345, 2545, '2022-02-22 08:32:34', '2022-02-22 08:32:34'),
(20, 'Scimitar', 1600, 2865, '2022-02-22 08:32:34', '2022-02-22 08:32:34'),
(21, 'Katana', 1830, 3040, '2022-02-22 08:32:34', '2022-02-22 08:32:34'),
(22, 'Longsword', 2200, 3200, '2022-02-22 08:32:34', '2022-02-22 08:32:34'),
(23, 'Quarterstaff', 12, 125, '2022-02-22 08:32:34', '2022-02-22 08:32:34'),
(24, 'Club', 200, 515, '2022-02-22 08:32:34', '2022-02-22 08:32:34'),
(25, 'Mace', 520, 1075, '2022-02-22 08:32:34', '2022-02-22 08:32:34'),
(26, 'War Hammer', 700, 1580, '2022-02-22 08:32:34', '2022-02-22 08:32:34'),
(27, 'Flail', 1200, 2050, '2022-02-22 08:32:34', '2022-02-22 08:32:34'),
(28, 'Morning Star', 1730, 2450, '2022-02-22 08:32:34', '2022-02-22 08:32:34'),
(29, 'Maul', 2005, 2900, '2022-02-22 08:32:34', '2022-02-22 08:32:34'),
(30, 'Pike', 100, 325, '2022-02-22 08:32:34', '2022-02-22 08:32:34'),
(31, 'Pitchfork', 150, 400, '2022-02-22 08:32:34', '2022-02-22 08:32:34'),
(32, 'Lance', 500, 1000, '2022-02-22 08:32:34', '2022-02-22 08:32:34'),
(33, 'Swordstaff', 575, 1100, '2022-02-22 08:32:34', '2022-02-22 08:32:34'),
(34, 'Glaive', 780, 1505, '2022-02-22 08:32:34', '2022-02-22 08:32:34'),
(35, 'Partisan', 945, 1800, '2022-02-22 08:32:34', '2022-02-22 08:32:34'),
(36, 'Guisarme', 1400, 2200, '2022-02-22 08:32:34', '2022-02-22 08:32:34'),
(37, 'scythe', 1700, 2770, '2022-02-22 08:32:34', '2022-02-22 08:32:34'),
(38, 'Voulge', 1920, 2925, '2022-02-22 08:32:34', '2022-02-22 08:32:34'),
(39, 'ranseur', 2520, 3100, '2022-02-22 08:32:34', '2022-02-22 08:32:34'),
(40, 'Halberd', 2850, 3500, '2022-02-22 08:32:34', '2022-02-22 08:32:34'),
(41, 'Tomahawk', 210, 225, '2022-02-22 08:32:34', '2022-02-22 08:32:34'),
(42, 'Ono', 310, 750, '2022-02-22 08:32:34', '2022-02-22 08:32:34'),
(43, 'Battle Axe', 1685, 2800, '2022-02-22 08:32:34', '2022-02-22 08:32:34'),
(44, 'Sling', 15, 115, '2022-02-22 08:32:34', '2022-02-22 08:32:34'),
(45, 'bow', 525, 900, '2022-02-22 08:32:34', '2022-02-22 08:32:34'),
(46, 'Longbow', 780, 1500, '2022-02-22 08:32:34', '2022-02-22 08:32:34'),
(47, 'Crossbow', 1300, 2500, '2022-02-22 08:32:34', '2022-02-22 08:32:34'),
(48, 'Shell Chain', 0, 1000, '2022-02-22 08:32:34', '2022-02-22 08:32:34'),
(49, 'Soul Sword', 0, 2200, '2022-02-22 08:32:34', '2022-02-22 08:32:34'),
(50, 'Obsidian Staff', 0, 3500, '2022-02-22 08:32:34', '2022-02-22 08:32:34'),
(51, 'Knock-Down Hammer', 0, 4850, '2022-02-22 08:32:34', '2022-02-22 08:32:34'),
(52, 'Axe of Terror', 0, 6200, '2022-02-22 08:32:34', '2022-02-22 08:32:34');

--
-- Indexes for dumped tables
--

--
-- Indexes for table `animals`
--
ALTER TABLE `animals`
  ADD PRIMARY KEY (`id`);

--
-- Indexes for table `armors`
--
ALTER TABLE `armors`
  ADD PRIMARY KEY (`id`);

--
-- Indexes for table `cities`
--
ALTER TABLE `cities`
  ADD PRIMARY KEY (`id`);

--
-- Indexes for table `creatures`
--
ALTER TABLE `creatures`
  ADD PRIMARY KEY (`id`);

--
-- Indexes for table `heroes`
--
ALTER TABLE `heroes`
  ADD PRIMARY KEY (`id`);

--
-- Indexes for table `migrations`
--
ALTER TABLE `migrations`
  ADD PRIMARY KEY (`id`);

--
-- Indexes for table `npcs`
--
ALTER TABLE `npcs`
  ADD PRIMARY KEY (`id`);

--
-- Indexes for table `password_resets`
--
ALTER TABLE `password_resets`
  ADD KEY `password_resets_email_index` (`email`);

--
-- Indexes for table `people`
--
ALTER TABLE `people`
  ADD PRIMARY KEY (`id`);

--
-- Indexes for table `quests`
--
ALTER TABLE `quests`
  ADD PRIMARY KEY (`id`);

--
-- Indexes for table `regions`
--
ALTER TABLE `regions`
  ADD PRIMARY KEY (`id`);

--
-- Indexes for table `users`
--
ALTER TABLE `users`
  ADD PRIMARY KEY (`id`),
  ADD UNIQUE KEY `users_email_unique` (`email`);

--
-- Indexes for table `weapons`
--
ALTER TABLE `weapons`
  ADD PRIMARY KEY (`id`);

--
-- AUTO_INCREMENT for dumped tables
--

--
-- AUTO_INCREMENT for table `animals`
--
ALTER TABLE `animals`
  MODIFY `id` bigint(20) UNSIGNED NOT NULL AUTO_INCREMENT, AUTO_INCREMENT=108;

--
-- AUTO_INCREMENT for table `armors`
--
ALTER TABLE `armors`
  MODIFY `id` bigint(20) UNSIGNED NOT NULL AUTO_INCREMENT, AUTO_INCREMENT=24;

--
-- AUTO_INCREMENT for table `cities`
--
ALTER TABLE `cities`
  MODIFY `id` bigint(20) UNSIGNED NOT NULL AUTO_INCREMENT, AUTO_INCREMENT=28;

--
-- AUTO_INCREMENT for table `creatures`
--
ALTER TABLE `creatures`
  MODIFY `id` bigint(20) UNSIGNED NOT NULL AUTO_INCREMENT, AUTO_INCREMENT=261;

--
-- AUTO_INCREMENT for table `heroes`
--
ALTER TABLE `heroes`
  MODIFY `id` bigint(20) UNSIGNED NOT NULL AUTO_INCREMENT, AUTO_INCREMENT=11;

--
-- AUTO_INCREMENT for table `migrations`
--
ALTER TABLE `migrations`
  MODIFY `id` int(10) UNSIGNED NOT NULL AUTO_INCREMENT, AUTO_INCREMENT=13;

--
-- AUTO_INCREMENT for table `npcs`
--
ALTER TABLE `npcs`
  MODIFY `id` bigint(20) UNSIGNED NOT NULL AUTO_INCREMENT, AUTO_INCREMENT=195;

--
-- AUTO_INCREMENT for table `people`
--
ALTER TABLE `people`
  MODIFY `id` bigint(20) UNSIGNED NOT NULL AUTO_INCREMENT, AUTO_INCREMENT=205;

--
-- AUTO_INCREMENT for table `quests`
--
ALTER TABLE `quests`
  MODIFY `id` bigint(20) UNSIGNED NOT NULL AUTO_INCREMENT, AUTO_INCREMENT=74;

--
-- AUTO_INCREMENT for table `regions`
--
ALTER TABLE `regions`
  MODIFY `id` bigint(20) UNSIGNED NOT NULL AUTO_INCREMENT, AUTO_INCREMENT=6;

--
-- AUTO_INCREMENT for table `users`
--
ALTER TABLE `users`
  MODIFY `id` bigint(20) UNSIGNED NOT NULL AUTO_INCREMENT;

--
-- AUTO_INCREMENT for table `weapons`
--
ALTER TABLE `weapons`
  MODIFY `id` bigint(20) UNSIGNED NOT NULL AUTO_INCREMENT, AUTO_INCREMENT=53;
COMMIT;

/*!40101 SET CHARACTER_SET_CLIENT=@OLD_CHARACTER_SET_CLIENT */;
/*!40101 SET CHARACTER_SET_RESULTS=@OLD_CHARACTER_SET_RESULTS */;
/*!40101 SET COLLATION_CONNECTION=@OLD_COLLATION_CONNECTION */;
